i;rho;fn0;dfn1;dfn2;dfn3;dfn4;dfn5;fn5
1;1.00E-06;-4.56E-12;0;0;0;0;0;-4.56E-12
1;69.1047;-1.73222125;-0.00124875;-0.00301354;-0.00333865;-0.00252852;-0.000139233;-1.74249
1;138.209;-3.13181253;-0.00332747;-0.00800125;-0.0086518;-0.00630223;-0.00143946;-3.15953
1;207.314;-4.41185144;-0.00722856;-0.0172842;-0.0179563;-0.0104454;-0.0018803;-4.46665
1;276.419;-5.6175141;-0.0127959;-0.0303365;-0.0296481;-0.0133525;-0.00216646;-5.70581
1;345.523;-6.7701952;-0.0199948;-0.0468718;-0.042332;-0.0154247;-0.00237925;-6.89720
1;414.628;-7.8824535;-0.0287965;-0.0665677;-0.0548098;-0.0169945;-0.00254879;-8.05217
1;483.733;-8.9625402;-0.0391698;-0.0890521;-0.0662935;-0.0182368;-0.00269182;-9.17798
1;552.837;-10.0163214;-0.0510786;-0.113909;-0.0764437;-0.0192501;-0.00281694;-10.27982
1;621.942;-11.0480178;-0.0644822;-0.140686;-0.0852439;-0.0200934;-0.00292779;-11.36145
1;691.047;-12.0610652;-0.0793348;-0.168913;-0.0928316;-0.0208046;-0.00302593;-12.42598
1;760.151;-13.058214;-0.095586;-0.198111;-0.0993816;-0.0214102;-0.00311255;-13.47582
1;829.256;-14.04142;-0.11318;-0.227812;-0.105054;-0.02193;-0.00318901;-14.51259
1;898.361;-15.012642;-0.132058;-0.25757;-0.109983;-0.0223803;-0.00325696;-15.53789
1;967.466;-15.973245;-0.152155;-0.28698;-0.114278;-0.0227742;-0.0033181;-16.55275
1;1036.57;-16.924497;-0.173403;-0.315684;-0.118028;-0.0231228;-0.00337409;-17.55811
1;1105.67;-17.867569;-0.195731;-0.343384;-0.121308;-0.0234351;-0.00342641;-18.55485
1;1174.78;-18.803439;-0.219061;-0.369842;-0.12418;-0.0237185;-0.00347626;-19.54372
1;1243.88;-19.732784;-0.243316;-0.394883;-0.126698;-0.0239787;-0.00352459;-20.52518
1;1312.99;-20.656485;-0.268415;-0.418389;-0.128908;-0.0242202;-0.00357204;-21.49999
1;1382.09;-21.575128;-0.294272;-0.440298;-0.130849;-0.0244465;-0.00361903;-22.46861
1;1451.2;-22.489298;-0.320802;-0.460592;-0.132554;-0.0246599;-0.00366576;-23.43157
1;1520.3;-23.399483;-0.347917;-0.47929;-0.134053;-0.0248621;-0.00371226;-24.38932
1;1589.41;-24.306172;-0.375528;-0.496437;-0.135372;-0.0250544;-0.00375847;-25.34232
1;1658.51;-25.209755;-0.403545;-0.512101;-0.136533;-0.0252374;-0.00380426;-26.29098
1;1727.62;-26.110722;-0.431878;-0.526362;-0.137557;-0.0254117;-0.00384949;-27.23578
1;1796.72;-27.009364;-0.460436;-0.539307;-0.138459;-0.0255778;-0.003894;-28.17704
1;1865.83;-27.906069;-0.489131;-0.551026;-0.139257;-0.0257357;-0.00393765;-29.11516
1;1934.93;-28.800925;-0.517875;-0.561612;-0.139962;-0.0258859;-0.00398035;-30.05024
1;2004.04;-29.694521;-0.546579;-0.571151;-0.140587;-0.0260286;-0.00402203;-30.98289
1;2073.14;-30.586839;-0.575161;-0.579731;-0.141142;-0.0261641;-0.00406267;-31.91310
1;2142.25;-31.478163;-0.603537;-0.587431;-0.141637;-0.0262926;-0.00410226;-32.84116
1;2211.35;-32.36887;-0.63163;-0.594327;-0.142078;-0.0264146;-0.00414084;-33.76746
1;2280.45;-33.258938;-0.659362;-0.600493;-0.142474;-0.0265304;-0.00417846;-34.69198
1;2349.56;-34.148736;-0.686664;-0.605993;-0.14283;-0.0266403;-0.00421521;-35.61508
1;2418.66;-35.038334;-0.713466;-0.610889;-0.143152;-0.0267448;-0.00425117;-36.53684
1;2487.77;-35.927993;-0.739707;-0.61524;-0.143444;-0.0268443;-0.00428643;-37.45751
1;2556.87;-36.817772;-0.765328;-0.619098;-0.14371;-0.0269391;-0.00432112;-38.37717
1;2625.98;-37.707824;-0.790276;-0.622512;-0.143953;-0.0270296;-0.00435533;-39.29595
1;2695.08;-38.598296;-0.814504;-0.625527;-0.144177;-0.0271162;-0.00438917;-40.21401
1;2764.19;-39.489331;-0.837969;-0.628184;-0.144384;-0.0271991;-0.00442273;-41.13149
1;2833.29;-40.380965;-0.860635;-0.630521;-0.144575;-0.0272787;-0.00445612;-42.04843
1;2902.4;-41.273429;-0.882471;-0.632572;-0.144754;-0.0273552;-0.00448942;-42.96507
1;2971.5;-42.166848;-0.903452;-0.63437;-0.14492;-0.0274288;-0.00452269;-43.88154
1;3040.61;-43.061143;-0.923557;-0.635942;-0.145076;-0.0274996;-0.00455599;-44.79777
1;3109.71;-43.956526;-0.942774;-0.637314;-0.145222;-0.0275679;-0.00458935;-45.71399
1;3178.82;-44.853009;-0.961091;-0.63851;-0.14536;-0.0276338;-0.0046228;-46.63023
1;3247.92;-45.750693;-0.978507;-0.63955;-0.145489;-0.0276972;-0.00465631;-47.54659
1;3317.02;-46.649679;-0.995021;-0.640453;-0.145611;-0.0277582;-0.00468986;-48.46321
1;3386.13;-47.55006;-1.01064;-0.641236;-0.145726;-0.0278169;-0.00472339;-49.38020
1;3455.23;-48.45173;-1.02537;-0.641913;-0.145833;-0.027873;-0.0047568;-50.29748
1;3524.34;-49.35497;-1.03923;-0.642498;-0.145935;-0.0279267;-0.00478995;-51.21535
1;3593.44;-50.25966;-1.05224;-0.643002;-0.146029;-0.0279777;-0.00482271;-52.13373
1;3662.55;-51.16589;-1.06441;-0.643434;-0.146117;-0.028026;-0.00485486;-53.05273
1;3731.65;-52.07372;-1.07578;-0.643805;-0.146199;-0.0280714;-0.00488618;-53.97246
1;3800.76;-52.98315;-1.08635;-0.644121;-0.146273;-0.0281138;-0.00491641;-54.89292
1;3869.86;-53.89412;-1.09618;-0.644389;-0.146342;-0.0281529;-0.00494526;-55.81413
1;3938.97;-54.80683;-1.10527;-0.644614;-0.146403;-0.0281887;-0.00497241;-56.73628
1;4008.07;-55.72122;-1.11368;-0.644802;-0.146457;-0.0282208;-0.00499754;-57.65938
1;4077.18;-56.63728;-1.12142;-0.644956;-0.146505;-0.0282492;-0.0050203;-58.58343
1;4146.28;-57.55497;-1.12853;-0.64508;-0.146544;-0.0282736;-0.00504035;-59.50844
1;4215.39;-58.47436;-1.13504;-0.645177;-0.146577;-0.0282939;-0.00505736;-60.43451
1;4284.49;-59.39551;-1.14099;-0.645249;-0.146602;-0.0283099;-0.00507101;-61.36173
1;4353.59;-60.31829;-1.14641;-0.645298;-0.146618;-0.0283213;-0.00508105;-62.29002
1;4422.7;-61.24266;-1.15134;-0.645326;-0.146627;-0.0283282;-0.00508723;-63.21937
1;4491.8;-62.1687;-1.1558;-0.645334;-0.146628;-0.0283302;-0.00508938;-64.14988
1;4560.91;-63.09637;-1.15983;-0.645323;-0.14662;-0.0283274;-0.00508739;-65.08156
1;4630.01;-64.02555;-1.16345;-0.645293;-0.146603;-0.0283197;-0.00508122;-66.01430
1;4699.12;-64.9563;-1.1667;-0.645247;-0.146578;-0.0283068;-0.00507089;-66.94820
1;4768.22;-65.88859;-1.16961;-0.645183;-0.146544;-0.0282889;-0.00505648;-67.88327
1;4837.33;-66.8223;-1.1722;-0.645103;-0.146501;-0.0282658;-0.00503816;-68.81941
1;4906.43;-67.75741;-1.17449;-0.645006;-0.146449;-0.0282376;-0.00501613;-69.75661
1;4975.54;-68.69378;-1.17652;-0.644893;-0.146387;-0.0282042;-0.00499066;-70.69477
1;5044.64;-69.6315;-1.1783;-0.644764;-0.146317;-0.0281657;-0.00496203;-71.63401
1;5113.75;-70.57035;-1.17985;-0.644619;-0.146237;-0.0281222;-0.00493056;-72.57411
1;5182.85;-71.51029;-1.18121;-0.644457;-0.146148;-0.0280737;-0.00489659;-73.51508
1;5251.96;-72.45133;-1.18237;-0.64428;-0.146049;-0.0280202;-0.00486046;-74.45691
1;5321.06;-73.39333;-1.18337;-0.644087;-0.145941;-0.027962;-0.00482251;-75.39951
1;5390.17;-74.33619;-1.18421;-0.643878;-0.145824;-0.0278991;-0.00478304;-76.34278
1;5459.27;-75.27979;-1.18491;-0.643653;-0.145697;-0.0278317;-0.00474237;-77.28662
1;5528.37;-76.22391;-1.18549;-0.643411;-0.145561;-0.0277599;-0.00470077;-78.23083
1;5597.48;-77.16865;-1.18595;-0.643153;-0.145416;-0.0276838;-0.00465849;-79.17551
1;5666.58;-78.11388;-1.18632;-0.642879;-0.145261;-0.0276036;-0.00461576;-80.12056
1;5735.69;-79.05921;-1.18659;-0.642589;-0.145098;-0.0275196;-0.00457277;-81.06558
1;5804.79;-80.00483;-1.18677;-0.642282;-0.144925;-0.0274318;-0.0045297;-82.01077
1;5873.9;-80.95042;-1.18688;-0.641959;-0.144743;-0.0273405;-0.00448668;-82.95583
1;5943;-81.89577;-1.18693;-0.64162;-0.144553;-0.0272458;-0.00444385;-83.90056
1;6012.11;-82.84099;-1.18691;-0.641264;-0.144353;-0.0271479;-0.0044013;-84.84507
1;6081.21;-83.78566;-1.18684;-0.640892;-0.144145;-0.027047;-0.00435912;-85.78894
1;6150.32;-84.72968;-1.18672;-0.640503;-0.143928;-0.0269432;-0.00431737;-86.73209
1;6219.42;-85.67285;-1.18655;-0.640098;-0.143703;-0.0268368;-0.00427611;-87.67431
1;6288.53;-86.61515;-1.18635;-0.639677;-0.14347;-0.026728;-0.00423537;-88.61561
1;6357.63;-87.5562;-1.1861;-0.639239;-0.143228;-0.0266168;-0.00419519;-89.55558
1;6426.74;-88.49597;-1.18583;-0.638785;-0.142978;-0.0265035;-0.00415559;-90.49422
1;6495.84;-89.43408;-1.18552;-0.638315;-0.14272;-0.0263883;-0.00411659;-91.43114
1;6564.94;-90.37042;-1.18518;-0.637828;-0.142454;-0.0262712;-0.00407819;-92.36623
1;6634.05;-91.30478;-1.18482;-0.637325;-0.142181;-0.0261524;-0.0040404;-93.29930
1;6703.15;-92.23687;-1.18443;-0.636806;-0.1419;-0.0260322;-0.00400321;-94.23004
1;6772.26;-93.16648;-1.18402;-0.636271;-0.141611;-0.0259105;-0.00396663;-95.15826
1;6841.36;-94.09341;-1.18359;-0.635719;-0.141315;-0.0257876;-0.00393065;-96.08375
1;6910.47;-95.01747;-1.18313;-0.635152;-0.141013;-0.0256636;-0.00389527;-97.00632
1;6979.57;-95.93824;-1.18266;-0.634569;-0.140703;-0.0255386;-0.00386046;-97.92557
1;7048.68;-96.85553;-1.18217;-0.63397;-0.140386;-0.0254127;-0.00382623;-98.84129
1;7117.78;-97.76904;-1.18166;-0.633355;-0.140063;-0.0252861;-0.00379256;-99.75320
1;7186.89;-98.67856;-1.18114;-0.632725;-0.139733;-0.0251588;-0.00375944;-100.66108
1;7255.99;-99.5834;-1.1806;-0.632079;-0.139397;-0.025031;-0.00372686;-101.56423
1;7325.1;-100.48396;-1.18004;-0.631417;-0.139055;-0.0249027;-0.00369481;-102.46307
1;7394.2;-101.37953;-1.17947;-0.63074;-0.138706;-0.0247741;-0.00366327;-103.35688
1;7463.31;-102.27011;-1.17889;-0.630048;-0.138352;-0.0246452;-0.00363223;-104.24568
1;7532.41;-103.15571;-1.17829;-0.629341;-0.137992;-0.024516;-0.00360168;-105.12945
1;7601.51;-104.03433;-1.17767;-0.628619;-0.137627;-0.0243868;-0.00357161;-106.00620
1;7670.62;-104.90696;-1.17704;-0.627882;-0.137256;-0.0242576;-0.00354201;-106.87694
1;7739.72;-105.7736;-1.1764;-0.62713;-0.13688;-0.0241284;-0.00351286;-107.74165
1;7808.83;-106.63226;-1.17574;-0.626364;-0.136499;-0.0239993;-0.00348415;-108.59835
1;7877.93;-107.48493;-1.17507;-0.625583;-0.136114;-0.0238703;-0.00345587;-109.44902
1;7947.04;-108.32961;-1.17439;-0.624788;-0.135723;-0.0237416;-0.00342802;-110.29168
1;8016.14;-109.16531;-1.17369;-0.623978;-0.135328;-0.0236131;-0.00340057;-111.12532
1;8085.25;-109.99402;-1.17298;-0.623155;-0.134929;-0.023485;-0.00337353;-111.95194
1;8154.35;-110.81274;-1.17226;-0.622318;-0.134526;-0.0233573;-0.00334688;-112.76855
1;8223.46;-111.62347;-1.17153;-0.621467;-0.134119;-0.02323;-0.00332061;-113.57714
1;8292.56;-112.42322;-1.17078;-0.620603;-0.133708;-0.0231032;-0.00329471;-114.37471
1;8361.67;-113.21398;-1.17002;-0.619726;-0.133293;-0.0229769;-0.00326918;-115.16327
1;8430.77;-113.99375;-1.16925;-0.618835;-0.132875;-0.0228511;-0.003244;-115.94081
1;8499.88;-114.76354;-1.16846;-0.617932;-0.132453;-0.0227259;-0.00321917;-116.70833
1;8568.98;-115.52134;-1.16766;-0.617016;-0.132029;-0.0226014;-0.00319468;-117.46384
1;8638.08;-116.26715;-1.16685;-0.616087;-0.131602;-0.0224775;-0.00317052;-118.20734
1;8707.19;-117.00097;-1.16603;-0.615146;-0.131171;-0.0223543;-0.00314668;-118.93882
1;8776.29;-117.72181;-1.16519;-0.614193;-0.130739;-0.0222318;-0.00312316;-119.65729
1;8845.4;-118.43065;-1.16435;-0.613228;-0.130304;-0.02211;-0.00309995;-120.36374
1;8914.5;-119.12451;-1.16349;-0.612252;-0.129866;-0.021989;-0.00307705;-121.05518
1;8983.61;-119.80538;-1.16262;-0.611264;-0.129427;-0.0218687;-0.00305444;-121.73361
1;9052.71;-120.47027;-1.16173;-0.610265;-0.128985;-0.0217493;-0.00303212;-122.39603
1;9121.82;-121.12116;-1.16084;-0.609254;-0.128542;-0.0216306;-0.00301008;-123.04444
1;9190.92;-121.75607;-1.15993;-0.608233;-0.128097;-0.0215128;-0.00298833;-123.67683
1;9260.03;-122.37498;-1.15902;-0.607202;-0.127651;-0.0213959;-0.00296685;-124.29322
1;9329.13;-122.97691;-1.15809;-0.60616;-0.127203;-0.0212797;-0.00294563;-124.89259
1;9398.24;-123.56185;-1.15715;-0.605108;-0.126754;-0.0211645;-0.00292468;-125.47495
1;9467.34;-124.1298;-1.1562;-0.604047;-0.126304;-0.0210501;-0.00290398;-126.04031
1;9536.45;-124.67777;-1.15523;-0.602975;-0.125853;-0.0209367;-0.00288354;-126.58565
1;9605.55;-125.20874;-1.15426;-0.601895;-0.125401;-0.0208241;-0.00286334;-127.11398
1;9674.66;-125.71873;-1.15327;-0.600805;-0.124949;-0.0207124;-0.00284338;-127.62131
1;9743.76;-126.20972;-1.15228;-0.599706;-0.124496;-0.0206016;-0.00282366;-128.10963
1;9812.86;-126.67973;-1.15127;-0.598598;-0.124043;-0.0204918;-0.00280418;-128.57694
1;9881.97;-127.12874;-1.15026;-0.597482;-0.12359;-0.0203828;-0.00278492;-129.02324
1;9951.07;-127.55577;-1.14923;-0.596358;-0.123136;-0.0202748;-0.00276588;-129.44753
1;10020.2;-127.96081;-1.14819;-0.595226;-0.122683;-0.0201677;-0.00274707;-129.84982
1;10089.3;-128.34286;-1.14714;-0.594085;-0.122229;-0.0200615;-0.00272847;-130.22910
1;10158.4;-128.70092;-1.14608;-0.592937;-0.121776;-0.0199563;-0.00271008;-130.58438
1;10227.5;-129.03598;-1.14502;-0.591782;-0.121323;-0.0198519;-0.0026919;-130.91665
1;10296.6;-129.34506;-1.14394;-0.590619;-0.12087;-0.0197485;-0.00267392;-131.22291
1;10365.7;-129.62915;-1.14285;-0.589448;-0.120418;-0.019646;-0.00265614;-131.50417
1;10434.8;-129.88725;-1.14175;-0.588271;-0.119967;-0.0195444;-0.00263855;-131.75942
1;10503.9;-130.11836;-1.14064;-0.587087;-0.119516;-0.0194437;-0.00262116;-131.98767
1;10573;-130.32248;-1.13952;-0.585895;-0.119065;-0.0193439;-0.00260396;-132.18891
1;10642.1;-130.49861;-1.13839;-0.584697;-0.118616;-0.019245;-0.00258694;-132.36214
1;10711.2;-130.64575;-1.13725;-0.583492;-0.118168;-0.0191471;-0.0025701;-132.50638
1;10780.3;-130.76289;-1.13611;-0.582281;-0.11772;-0.01905;-0.00255344;-132.62060
1;10849.4;-130.85105;-1.13495;-0.581062;-0.117274;-0.0189538;-0.00253695;-132.70583
1;10918.5;-130.90822;-1.13378;-0.579836;-0.116828;-0.0188584;-0.00252063;-132.76004
1;10987.6;-130.9334;-1.1326;-0.578604;-0.116384;-0.018764;-0.00250448;-132.78226
1;11056.7;-130.92758;-1.13142;-0.577364;-0.115941;-0.0186704;-0.00248849;-132.77346
1;11125.9;-130.88778;-1.13022;-0.576117;-0.115499;-0.0185776;-0.00247267;-132.73067
1;11195;-130.81499;-1.12901;-0.574863;-0.115058;-0.0184857;-0.002457;-132.65486
1;11264.1;-130.7082;-1.1278;-0.5736;-0.114619;-0.0183946;-0.00244148;-132.54506
1;11333.2;-130.56643;-1.12657;-0.572329;-0.114181;-0.0183044;-0.00242612;-132.40024
1;11402.3;-130.38866;-1.12534;-0.57105;-0.113744;-0.0182149;-0.0024109;-132.21942
1;11471.4;-130.17391;-1.12409;-0.569761;-0.113309;-0.0181263;-0.00239582;-132.00159
1;11540.5;-129.92317;-1.12283;-0.568462;-0.112875;-0.0180384;-0.00238089;-131.74776
1;11609.6;-129.63343;-1.12157;-0.567154;-0.112443;-0.0179513;-0.00236609;-131.45491
1;11678.7;-129.30571;-1.12029;-0.565834;-0.112012;-0.017865;-0.00235143;-131.12406
1;11747.8;-128.939;-1.119;-0.564502;-0.111581;-0.0177794;-0.0023369;-130.75420
1;11816.9;-128.53129;-1.11771;-0.563158;-0.111152;-0.0176946;-0.00232249;-130.34333
1;11886;-128.0836;-1.1164;-0.5618;-0.110724;-0.0176105;-0.00230821;-129.89244
1;11955.1;-127.59292;-1.11508;-0.560428;-0.110296;-0.0175271;-0.00229405;-129.39855
1;12024.2;-127.06025;-1.11375;-0.559041;-0.109868;-0.0174444;-0.00228001;-128.86263
1;12093.3;-126.48459;-1.11241;-0.557637;-0.109439;-0.0173624;-0.00226608;-128.28370
1;12162.4;-125.86495;-1.11105;-0.556217;-0.109008;-0.0172811;-0.00225226;-127.66076
1;12231.5;-125.20031;-1.10969;-0.554779;-0.108574;-0.0172004;-0.00223854;-126.99279
1;12300.6;-124.48969;-1.10831;-0.553324;-0.108135;-0.0171203;-0.00222493;-126.27880
1;12369.7;-123.73308;-1.10692;-0.551851;-0.107689;-0.0170409;-0.00221142;-125.51879
1;12438.8;-122.92849;-1.10551;-0.550361;-0.107232;-0.016962;-0.00219801;-124.71075
1;12507.9;-122.07691;-1.10409;-0.548855;-0.106761;-0.0168838;-0.0021847;-123.85568
1;12577.1;-121.17534;-1.10266;-0.547336;-0.106271;-0.0168062;-0.00217148;-122.95058
1;12646.2;-120.22479;-1.10121;-0.545807;-0.105755;-0.0167291;-0.00215834;-121.99645
1;12715.3;-119.22325;-1.09975;-0.544273;-0.105206;-0.0166526;-0.0021453;-120.99128
1;12784.4;-118.16973;-1.09827;-0.542741;-0.104614;-0.0165766;-0.00213233;-119.93406
1;12853.5;-117.06422;-1.09678;-0.541218;-0.10397;-0.0165011;-0.00211945;-118.82481
1;12922.6;-115.90574;-1.09526;-0.539714;-0.103262;-0.0164261;-0.00210663;-117.66251
1;12991.7;-114.69327;-1.09373;-0.53824;-0.102476;-0.016351;-0.00209387;-116.44616
1;13060.8;-113.42582;-1.09218;-0.536807;-0.101599;-0.0162746;-0.00208114;-115.17476
1;13129.9;-112.10238;-1.09062;-0.535428;-0.100616;-0.0161934;-0.00206842;-113.84731
1;13199;-110.72197;-1.08903;-0.534114;-0.0995167;-0.0160981;-0.00205571;-112.46278
1;13268.1;-109.28458;-1.08742;-0.532874;-0.0982973;-0.0159677;-0.00204311;-111.02118
1;13337.2;-107.78822;-1.08578;-0.531715;-0.0969803;-0.0157589;-0.00203086;-109.52049
1;13406.3;-106.23287;-1.08413;-0.53064;-0.0956493;-0.0153925;-0.00201931;-107.96070
1;13475.4;-104.61655;-1.08245;-0.529646;-0.0944996;-0.0147365;-0.00200853;-106.33989
1;13544.5;-102.93926;-1.08074;-0.528728;-0.093872;-0.013586;-0.00199777;-104.65818
1;13613.6;-101.19999;-1.07901;-0.527873;-0.094202;-0.0116404;-0.00197107;-102.91469
1;13682.7;-99.39775;-1.07725;-0.527063;-0.0958406;-0.00892451;-0.00174819;-101.10858
1;13751.8;-97.53054;-1.07546;-0.526278;-0.0987913;-0.0103316;-4.10E-08;-99.24140
1;13820.9;-95.5985;0;0;0;0;0;-95.59850
1;13890;-93.6003;0;0;0;0;0;-93.60030
1;13959.1;-91.535;0;0;0;0;0;-91.53500
1;14028.2;-89.4015;0;0;0;0;0;-89.40150
1;14097.4;-87.1988;0;0;0;0;0;-87.19880
1;14166.5;-84.9258;0;0;0;0;0;-84.92580
1;14235.6;-82.5816;0;0;0;0;0;-82.58160
1;14304.7;-80.1649;0;0;0;0;0;-80.16490
1;14373.8;-77.6747;0;0;0;0;0;-77.67470
1;14442.9;-75.1099;0;0;0;0;0;-75.10990
1;14512;-72.4694;0;0;0;0;0;-72.46940
1;14581.1;-69.7519;0;0;0;0;0;-69.75190
1;14650.2;-66.9563;0;0;0;0;0;-66.95630
1;14719.3;-64.0815;0;0;0;0;0;-64.08150
1;14788.4;-61.1261;0;0;0;0;0;-61.12610
1;14857.5;-58.0889;0;0;0;0;0;-58.08890
1;14926.6;-54.9687;0;0;0;0;0;-54.96870
1;14995.7;-51.764;0;0;0;0;0;-51.76400
1;15064.8;-48.4736;0;0;0;0;0;-48.47360
1;15133.9;-45.0962;0;0;0;0;0;-45.09620
1;15203;-41.6301;0;0;0;0;0;-41.63010
1;15272.1;-38.0741;0;0;0;0;0;-38.07410
1;15341.2;-34.4266;0;0;0;0;0;-34.42660
1;15410.3;-30.6861;0;0;0;0;0;-30.68610
1;15479.4;-26.8509;0;0;0;0;0;-26.85090
1;15548.6;-22.9195;0;0;0;0;0;-22.91950
1;15617.7;-18.8901;0;0;0;0;0;-18.89010
1;15686.8;-14.7611;0;0;0;0;0;-14.76110
1;15755.9;-10.5305;0;0;0;0;0;-10.53050
1;15825;-6.19663;0;0;0;0;0;-6.19663
1;15894.1;-1.75743;0;0;0;0;0;-1.75743
1;15963.2;2.78905;0;0;0;0;0;2.78905
1;16032.3;7.44492;0;0;0;0;0;7.44492
1;16101.4;12.2123;0;0;0;0;0;12.21230
1;16170.5;17.0935;0;0;0;0;0;17.09350
1;16239.6;22.0908;0;0;0;0;0;22.09080
1;16308.7;27.2066;0;0;0;0;0;27.20660
1;16377.8;32.4434;0;0;0;0;0;32.44340
1;16446.9;37.804;0;0;0;0;0;37.80400
1;16516;43.291;0;0;0;0;0;43.29100
1;16585.1;48.9073;0;0;0;0;0;48.90730
1;16654.2;54.6559;0;0;0;0;0;54.65590
1;16723.3;60.5399;0;0;0;0;0;60.53990
1;16792.4;66.5626;0;0;0;0;0;66.56260
1;16861.5;72.7274;0;0;0;0;0;72.72740
1;16930.6;79.0378;0;0;0;0;0;79.03780
1;16999.8;85.4976;0;0;0;0;0;85.49760
1;17068.9;92.1107;0;0;0;0;0;92.11070
1;17138;98.8811;0;0;0;0;0;98.88110
1;17207.1;105.813;0;0;0;0;0;105.81300
1;17276.2;112.911;0;0;0;0;0;112.91100
1;17345.3;120.18;0;0;0;0;0;120.18000
1;17414.4;127.625;0;0;0;0;0;127.62500
1;17483.5;135.251;0;0;0;0;0;135.25100
1;17552.6;143.062;0;0;0;0;0;143.06200
1;17621.7;151.066;0;0;0;0;0;151.06600
1;17690.8;159.267;0;0;0;0;0;159.26700
1;17759.9;167.673;0;0;0;0;0;167.67300
1;17829;176.289;0;0;0;0;0;176.28900
1;17898.1;185.122;0;0;0;0;0;185.12200
1;17967.2;194.179;0;0;0;0;0;194.17900
1;18036.3;203.468;0;0;0;0;0;203.46800
1;18105.4;212.997;0;0;0;0;0;212.99700
1;18174.5;222.773;0;0;0;0;0;222.77300
1;18243.6;232.805;0;0;0;0;0;232.80500
1;18312.7;243.103;0;0;0;0;0;243.10300
1;18381.8;253.675;0;0;0;0;0;253.67500
1;18450.9;264.53;0;0;0;0;0;264.53000
1;18520.1;275.681;0;0;0;0;0;275.68100
1;18589.2;287.136;0;0;0;0;0;287.13600
1;18658.3;298.907;0;0;0;0;0;298.90700
1;18727.4;311.005;0;0;0;0;0;311.00500
1;18796.5;323.443;0;0;0;0;0;323.44300
1;18865.6;336.234;0;0;0;0;0;336.23400
1;18934.7;349.39;0;0;0;0;0;349.39000
1;19003.8;362.925;0;0;0;0;0;362.92500
1;19072.9;376.853;0;0;0;0;0;376.85300
1;19142;391.19;0;0;0;0;0;391.19000
1;19211.1;405.95;0;0;0;0;0;405.95000
1;19280.2;421.151;0;0;0;0;0;421.15100
1;19349.3;436.808;0;0;0;0;0;436.80800
1;19418.4;452.94;0;0;0;0;0;452.94000
1;19487.5;469.565;0;0;0;0;0;469.56500
1;19556.6;486.701;0;0;0;0;0;486.70100
1;19625.7;504.369;0;0;0;0;0;504.36900
1;19694.8;522.588;0;0;0;0;0;522.58800
1;19763.9;541.381;0;0;0;0;0;541.38100
1;19833;560.77;0;0;0;0;0;560.77000
1;19902.1;580.778;0;0;0;0;0;580.77800
1;19971.3;601.429;0;0;0;0;0;601.42900
1;20040.4;622.748;0;0;0;0;0;622.74800
1;20109.5;644.761;0;0;0;0;0;644.76100
1;20178.6;667.496;0;0;0;0;0;667.49600
1;20247.7;690.98;0;0;0;0;0;690.98000
1;20316.8;715.244;0;0;0;0;0;715.24400
1;20385.9;740.318;0;0;0;0;0;740.31800
1;20455;766.233;0;0;0;0;0;766.23300
1;20524.1;793.024;0;0;0;0;0;793.02400
1;20593.2;820.725;0;0;0;0;0;820.72500
1;20662.3;849.373;0;0;0;0;0;849.37300
1;20731.4;879.005;0;0;0;0;0;879.00500
1;20800.5;909.661;0;0;0;0;0;909.66100
1;20869.6;941.383;0;0;0;0;0;941.38300
1;20938.7;974.214;0;0;0;0;0;974.21400
1;21007.8;1008.2;0;0;0;0;0;1008.20000
1;21076.9;1043.39;0;0;0;0;0;1043.39000
1;21146;1079.83;0;0;0;0;0;1079.83000
1;21215.1;1117.57;0;0;0;0;0;1117.57000
1;21284.2;1156.68;0;0;0;0;0;1156.68000
1;21353.3;1197.21;0;0;0;0;0;1197.21000
1;21422.5;1239.21;0;0;0;0;0;1239.21000
1;21491.6;1282.76;0;0;0;0;0;1282.76000
1;21560.7;1327.93;0;0;0;0;0;1327.93000
1;21629.8;1374.78;0;0;0;0;0;1374.78000
1;21698.9;1423.39;0;0;0;0;0;1423.39000
1;21768;1473.85;0;0;0;0;0;1473.85000
1;21837.1;1526.23;0;0;0;0;0;1526.23000
1;21906.2;1580.64;0;0;0;0;0;1580.64000
1;21975.3;1637.16;0;0;0;0;0;1637.16000
1;22044.4;1695.9;0;0;0;0;0;1695.90000
1;22113.5;1756.97;0;0;0;0;0;1756.97000
1;22182.6;1820.49;0;0;0;0;0;1820.49000
1;22251.7;1886.58;0;0;0;0;0;1886.58000
1;22320.8;1955.37;0;0;0;0;0;1955.37000
1;22389.9;2027;0;0;0;0;0;2027.00000
1;22459;2101.63;0;0;0;0;0;2101.63000
1;22528.1;2179.42;0;0;0;0;0;2179.42000
1;22597.2;2260.54;0;0;0;0;0;2260.54000
1;22666.3;2345.17;0;0;0;0;0;2345.17000
1;22735.4;2433.52;0;0;0;0;0;2433.52000
1;22804.5;2525.79;0;0;0;0;0;2525.79000
1;22873.6;2622.21;0;0;0;0;0;2622.21000
1;22942.8;2723.03;0;0;0;0;0;2723.03000
1;23011.9;2828.52;0;0;0;0;0;2828.52000
1;23081;2938.95;0;0;0;0;0;2938.95000
1;23150.1;3054.62;0;0;0;0;0;3054.62000
1;23219.2;3175.88;0;0;0;0;0;3175.88000
1;23288.3;3303.07;0;0;0;0;0;3303.07000
1;23357.4;3436.57;0;0;0;0;0;3436.57000
1;23426.5;3576.8;0;0;0;0;0;3576.80000
1;23495.6;3724.22;0;0;0;0;0;3724.22000
1;23564.7;3879.29;0;0;0;0;0;3879.29000
1;23633.8;4042.57;0;0;0;0;0;4042.57000
1;23702.9;4214.61;0;0;0;0;0;4214.61000
1;23772;4396.04;0;0;0;0;0;4396.04000
1;23841.1;4587.55;0;0;0;0;0;4587.55000
1;23910.2;4789.89;0;0;0;0;0;4789.89000
1;23979.3;5003.87;0;0;0;0;0;5003.87000
1;24048.4;5230.39;0;0;0;0;0;5230.39000
1;24117.5;5470.42;0;0;0;0;0;5470.42000
1;24186.6;5725.06;0;0;0;0;0;5725.06000
1;24255.7;5995.49;0;0;0;0;0;5995.49000
1;24324.8;6283.04;0;0;0;0;0;6283.04000
1;24394;6589.17;0;0;0;0;0;6589.17000
1;24463.1;6915.48;0;0;0;0;0;6915.48000
1;24532.2;7263.78;0;0;0;0;0;7263.78000
1;24601.3;7636.09;0;0;0;0;0;7636.09000
1;24670.4;8034.62;0;0;0;0;0;8034.62000
1;24739.5;8461.9;0;0;0;0;0;8461.90000
1;24808.6;8920.74;0;0;0;0;0;8920.74000
1;24877.7;9414.3;0;0;0;0;0;9414.30000
1;24946.8;9946.17;0;0;0;0;0;9946.17000
1;25015.9;10520.4;0;0;0;0;0;10520.40000
1;25085;11141.6;0;0;0;0;0;11141.60000
1;25154.1;11815;0;0;0;0;0;11815.00000
1;25223.2;12546.6;0;0;0;0;0;12546.60000
1;25292.3;13343.4;0;0;0;0;0;13343.40000
1;25361.4;14213.2;0;0;0;0;0;14213.20000
1;25430.5;15165.4;0;0;0;0;0;15165.40000
1;25499.6;16210.5;0;0;0;0;0;16210.50000
1;25568.7;17361.2;0;0;0;0;0;17361.20000
1;25637.8;18632.1;0;0;0;0;0;18632.10000
1;25706.9;20040.6;0;0;0;0;0;20040.60000
1;25776;21607.4;0;0;0;0;0;21607.40000
1;25845.2;23357.1;0;0;0;0;0;23357.10000
1;25914.3;25319.4;0;0;0;0;0;25319.40000
1;25983.4;27530.2;0;0;0;0;0;27530.20000
1;26052.5;30033.5;0;0;0;0;0;30033.50000
1;26121.6;32883.4;0;0;0;0;0;32883.40000
1;26190.7;36147;0;0;0;0;0;36147.00000
1;26259.8;39908.8;0;0;0;0;0;39908.80000
1;26328.9;44275.9;0;0;0;0;0;44275.90000
1;26398;49385.9;0;0;0;0;0;49385.90000
1;26467.1;55417.8;0;0;0;0;0;55417.80000
1;26536.2;62608.2;0;0;0;0;0;62608.20000
1;26605.3;71275.1;0;0;0;0;0;71275.10000
1;26674.4;81853.3;0;0;0;0;0;81853.30000
1;26743.5;94951.1;0;0;0;0;0;94951.10000
1;26812.6;111440;0;0;0;0;0;111440.00000
1;26881.7;132603;0;0;0;0;0;132603.00000
1;26950.8;160396;0;0;0;0;0;160396.00000
1;27019.9;197915;0;0;0;0;0;197915.00000
1;27089;250307;0;0;0;0;0;250307.00000
1;27158.1;326633;0;0;0;0;0;326633.00000
1;27227.2;444089;0;0;0;0;0;444089.00000
1;27296.3;638648;0;0;0;0;0;638648.00000
1;27365.5;996369;0;0;0;0;0;996369.00000
1;27434.6;1.77E+06;0;0;0;0;0;1768260.00000
1;27503.7;3.97E+06;0;0;0;0;0;3970840.00000
1;27572.8;1.58E+07;0;0;0;0;0;15849000.00000
;;;;;;;;
;;;;;;;;
;;;;;;;;
;;;;;;;;
;;;;;;;;
;;;;;;;;
;;;;;;;;
;;;;;;;;
;;;;;;;;
;;;;;;;;
;;;;;;;;
;;;;;;;;
;;;;;;;;
;;;;;;;;
;;;;;;;;
;;;;;;;;
;;;;;;;;
;;;;;;;;
;;;;;;;;
;;;;;;;;
;;;;;;;;
;;;;;;;;
;;;;;;;;
;;;;;;;;
;;;;;;;;
;;;;;;;;
;;;;;;;;
;;;;;;;;
;;;;;;;;
;;;;;;;;
;;;;;;;;
;;;;;;;;
;;;;;;;;
;;;;;;;;
;;;;;;;;
;;;;;;;;
;;;;;;;;
;;;;;;;;
;;;;;;;;
;;;;;;;;
;;;;;;;;
;;;;;;;;
;;;;;;;;
;;;;;;;;
;;;;;;;;
;;;;;;;;
;;;;;;;;
;;;;;;;;
;;;;;;;;
;;;;;;;;
;;;;;;;;
;;;;;;;;
;;;;;;;;
;;;;;;;;
;;;;;;;;
;;;;;;;;
;;;;;;;;
;;;;;;;;
;;;;;;;;
;;;;;;;;
;;;;;;;;
;;;;;;;;
;;;;;;;;
;;;;;;;;
;;;;;;;;
;;;;;;;;
;;;;;;;;
;;;;;;;;
;;;;;;;;
;;;;;;;;
;;;;;;;;
;;;;;;;;
;;;;;;;;
;;;;;;;;
;;;;;;;;
;;;;;;;;
;;;;;;;;
;;;;;;;;
;;;;;;;;
;;;;;;;;
;;;;;;;;
;;;;;;;;
;;;;;;;;
;;;;;;;;
;;;;;;;;
;;;;;;;;
;;;;;;;;
;;;;;;;;
;;;;;;;;
;;;;;;;;
;;;;;;;;
;;;;;;;;
;;;;;;;;
;;;;;;;;
;;;;;;;;
;;;;;;;;
;;;;;;;;
;;;;;;;;
;;;;;;;;
;;;;;;;;
;;;;;;;;
;;;;;;;;
;;;;;;;;
;;;;;;;;
;;;;;;;;
;;;;;;;;
;;;;;;;;
;;;;;;;;
;;;;;;;;
;;;;;;;;
;;;;;;;;
;;;;;;;;
;;;;;;;;
;;;;;;;;
;;;;;;;;
;;;;;;;;
;;;;;;;;
;;;;;;;;
;;;;;;;;
;;;;;;;;
;;;;;;;;
;;;;;;;;
;;;;;;;;
;;;;;;;;
;;;;;;;;
;;;;;;;;
;;;;;;;;
;;;;;;;;
;;;;;;;;
;;;;;;;;
;;;;;;;;
;;;;;;;;
;;;;;;;;
;;;;;;;;
;;;;;;;;
;;;;;;;;
;;;;;;;;
;;;;;;;;
;;;;;;;;
;;;;;;;;
;;;;;;;;
;;;;;;;;
;;;;;;;;
;;;;;;;;
;;;;;;;;
;;;;;;;;
;;;;;;;;
;;;;;;;;
;;;;;;;;
;;;;;;;;
;;;;;;;;
;;;;;;;;
;;;;;;;;
;;;;;;;;
;;;;;;;;
;;;;;;;;
;;;;;;;;
;;;;;;;;
;;;;;;;;
;;;;;;;;
;;;;;;;;
;;;;;;;;
;;;;;;;;
;;;;;;;;
;;;;;;;;
;;;;;;;;
;;;;;;;;
;;;;;;;;
;;;;;;;;
;;;;;;;;
;;;;;;;;
;;;;;;;;
;;;;;;;;
;;;;;;;;
;;;;;;;;
;;;;;;;;
;;;;;;;;
;;;;;;;;
;;;;;;;;
;;;;;;;;
;;;;;;;;
;;;;;;;;
;;;;;;;;
;;;;;;;;
;;;;;;;;
;;;;;;;;
;;;;;;;;
;;;;;;;;
;;;;;;;;
;;;;;;;;
;;;;;;;;
;;;;;;;;
;;;;;;;;
;;;;;;;;
;;;;;;;;
;;;;;;;;
;;;;;;;;
;;;;;;;;
;;;;;;;;
;;;;;;;;
;;;;;;;;
;;;;;;;;
;;;;;;;;
;;;;;;;;
;;;;;;;;
;;;;;;;;
;;;;;;;;
;;;;;;;;
;;;;;;;;
;;;;;;;;
;;;;;;;;
;;;;;;;;
;;;;;;;;
;;;;;;;;
;;;;;;;;
;;;;;;;;
;;;;;;;;
;;;;;;;;
;;;;;;;;
;;;;;;;;
;;;;;;;;
;;;;;;;;
;;;;;;;;
;;;;;;;;
;;;;;;;;
;;;;;;;;
;;;;;;;;
;;;;;;;;
;;;;;;;;
;;;;;;;;
;;;;;;;;
;;;;;;;;
;;;;;;;;
;;;;;;;;
;;;;;;;;
;;;;;;;;
;;;;;;;;
;;;;;;;;
;;;;;;;;
;;;;;;;;
;;;;;;;;
;;;;;;;;
;;;;;;;;
;;;;;;;;
;;;;;;;;
;;;;;;;;
;;;;;;;;
;;;;;;;;
;;;;;;;;
;;;;;;;;
;;;;;;;;
;;;;;;;;
;;;;;;;;
;;;;;;;;
;;;;;;;;
;;;;;;;;
;;;;;;;;
;;;;;;;;
;;;;;;;;
;;;;;;;;
;;;;;;;;
;;;;;;;;
;;;;;;;;
;;;;;;;;
;;;;;;;;
;;;;;;;;
;;;;;;;;
;;;;;;;;
;;;;;;;;
;;;;;;;;
;;;;;;;;
;;;;;;;;
;;;;;;;;
;;;;;;;;
;;;;;;;;
;;;;;;;;
;;;;;;;;
;;;;;;;;
;;;;;;;;
;;;;;;;;
;;;;;;;;
;;;;;;;;
;;;;;;;;
;;;;;;;;
;;;;;;;;
;;;;;;;;
;;;;;;;;
;;;;;;;;
;;;;;;;;
;;;;;;;;
;;;;;;;;
;;;;;;;;
;;;;;;;;
;;;;;;;;
;;;;;;;;
;;;;;;;;
;;;;;;;;
;;;;;;;;
;;;;;;;;
;;;;;;;;
;;;;;;;;
;;;;;;;;
;;;;;;;;
;;;;;;;;
;;;;;;;;
;;;;;;;;
;;;;;;;;
;;;;;;;;
;;;;;;;;
;;;;;;;;
;;;;;;;;
;;;;;;;;
;;;;;;;;
;;;;;;;;
;;;;;;;;
;;;;;;;;
;;;;;;;;
;;;;;;;;
;;;;;;;;
;;;;;;;;
;;;;;;;;
;;;;;;;;
;;;;;;;;
;;;;;;;;
;;;;;;;;
;;;;;;;;
;;;;;;;;
;;;;;;;;
;;;;;;;;
;;;;;;;;
;;;;;;;;
;;;;;;;;
;;;;;;;;
;;;;;;;;
;;;;;;;;
;;;;;;;;
;;;;;;;;
;;;;;;;;
;;;;;;;;
;;;;;;;;
;;;;;;;;
;;;;;;;;
;;;;;;;;
;;;;;;;;
;;;;;;;;
;;;;;;;;
;;;;;;;;
;;;;;;;;
;;;;;;;;
;;;;;;;;
;;;;;;;;
;;;;;;;;
;;;;;;;;
;;;;;;;;
;;;;;;;;
;;;;;;;;
;;;;;;;;
;;;;;;;;
;;;;;;;;
;;;;;;;;
;;;;;;;;
;;;;;;;;
;;;;;;;;
;;;;;;;;
;;;;;;;;
;;;;;;;;
;;;;;;;;
;;;;;;;;
;;;;;;;;
;;;;;;;;
;;;;;;;;
;;;;;;;;
;;;;;;;;
;;;;;;;;
;;;;;;;;
;;;;;;;;
;;;;;;;;
;;;;;;;;
;;;;;;;;
;;;;;;;;
;;;;;;;;
;;;;;;;;
;;;;;;;;
;;;;;;;;
;;;;;;;;
;;;;;;;;
;;;;;;;;
;;;;;;;;
;;;;;;;;
;;;;;;;;
;;;;;;;;
;;;;;;;;
;;;;;;;;
;;;;;;;;
;;;;;;;;
;;;;;;;;
;;;;;;;;
;;;;;;;;
;;;;;;;;
;;;;;;;;
;;;;;;;;
;;;;;;;;
;;;;;;;;
;;;;;;;;
;;;;;;;;
;;;;;;;;
;;;;;;;;
;;;;;;;;
;;;;;;;;
;;;;;;;;
;;;;;;;;
;;;;;;;;
;;;;;;;;
;;;;;;;;
;;;;;;;;
;;;;;;;;
;;;;;;;;
;;;;;;;;
;;;;;;;;
;;;;;;;;
;;;;;;;;
;;;;;;;;
;;;;;;;;
;;;;;;;;
;;;;;;;;
;;;;;;;;
;;;;;;;;
;;;;;;;;
;;;;;;;;
;;;;;;;;
;;;;;;;;
;;;;;;;;
;;;;;;;;
;;;;;;;;
;;;;;;;;
;;;;;;;;
;;;;;;;;
;;;;;;;;
;;;;;;;;
;;;;;;;;
;;;;;;;;
;;;;;;;;
;;;;;;;;
;;;;;;;;
;;;;;;;;
;;;;;;;;
;;;;;;;;
;;;;;;;;
;;;;;;;;
;;;;;;;;
;;;;;;;;
;;;;;;;;
;;;;;;;;
;;;;;;;;
;;;;;;;;
;;;;;;;;
;;;;;;;;
;;;;;;;;
;;;;;;;;
;;;;;;;;
;;;;;;;;
;;;;;;;;
;;;;;;;;
;;;;;;;;
;;;;;;;;
;;;;;;;;
;;;;;;;;
;;;;;;;;
;;;;;;;;
;;;;;;;;
;;;;;;;;
;;;;;;;;
;;;;;;;;
;;;;;;;;
;;;;;;;;
;;;;;;;;
;;;;;;;;
;;;;;;;;
;;;;;;;;
;;;;;;;;
;;;;;;;;
;;;;;;;;
;;;;;;;;
;;;;;;;;
;;;;;;;;
;;;;;;;;
;;;;;;;;
;;;;;;;;
;;;;;;;;
;;;;;;;;
;;;;;;;;
;;;;;;;;
;;;;;;;;
;;;;;;;;
;;;;;;;;
;;;;;;;;
;;;;;;;;
;;;;;;;;
;;;;;;;;
;;;;;;;;
;;;;;;;;
;;;;;;;;
;;;;;;;;
;;;;;;;;
;;;;;;;;
;;;;;;;;
;;;;;;;;
;;;;;;;;
;;;;;;;;
;;;;;;;;
;;;;;;;;
;;;;;;;;
;;;;;;;;
;;;;;;;;
;;;;;;;;
;;;;;;;;
;;;;;;;;
;;;;;;;;
;;;;;;;;
;;;;;;;;
;;;;;;;;
;;;;;;;;
;;;;;;;;
;;;;;;;;
;;;;;;;;
;;;;;;;;
;;;;;;;;
;;;;;;;;
;;;;;;;;
;;;;;;;;
;;;;;;;;
;;;;;;;;
;;;;;;;;
;;;;;;;;
;;;;;;;;
;;;;;;;;
;;;;;;;;
;;;;;;;;
;;;;;;;;
;;;;;;;;
;;;;;;;;
;;;;;;;;
;;;;;;;;
;;;;;;;;
;;;;;;;;
;;;;;;;;
;;;;;;;;
;;;;;;;;
;;;;;;;;
;;;;;;;;
;;;;;;;;
;;;;;;;;
;;;;;;;;
;;;;;;;;
;;;;;;;;
;;;;;;;;
;;;;;;;;
;;;;;;;;
;;;;;;;;
;;;;;;;;
;;;;;;;;
;;;;;;;;
;;;;;;;;
;;;;;;;;
;;;;;;;;
;;;;;;;;
;;;;;;;;
;;;;;;;;
;;;;;;;;
;;;;;;;;
;;;;;;;;
;;;;;;;;
;;;;;;;;
;;;;;;;;
;;;;;;;;
;;;;;;;;
;;;;;;;;
;;;;;;;;
;;;;;;;;
;;;;;;;;
;;;;;;;;
;;;;;;;;
;;;;;;;;
;;;;;;;;
;;;;;;;;
;;;;;;;;
;;;;;;;;
;;;;;;;;
;;;;;;;;
;;;;;;;;
;;;;;;;;
;;;;;;;;
;;;;;;;;
;;;;;;;;
;;;;;;;;
;;;;;;;;
;;;;;;;;
;;;;;;;;
;;;;;;;;
;;;;;;;;
;;;;;;;;
;;;;;;;;
;;;;;;;;
;;;;;;;;
;;;;;;;;
;;;;;;;;
;;;;;;;;
;;;;;;;;
;;;;;;;;
;;;;;;;;
;;;;;;;;
;;;;;;;;
;;;;;;;;
;;;;;;;;
;;;;;;;;
;;;;;;;;
;;;;;;;;
;;;;;;;;
;;;;;;;;
;;;;;;;;
;;;;;;;;
;;;;;;;;
;;;;;;;;
;;;;;;;;
;;;;;;;;
;;;;;;;;
;;;;;;;;
;;;;;;;;
;;;;;;;;
;;;;;;;;
;;;;;;;;
;;;;;;;;
;;;;;;;;
;;;;;;;;
;;;;;;;;
;;;;;;;;
;;;;;;;;
;;;;;;;;
;;;;;;;;
;;;;;;;;
;;;;;;;;
;;;;;;;;
;;;;;;;;
;;;;;;;;
;;;;;;;;
;;;;;;;;
;;;;;;;;
;;;;;;;;
;;;;;;;;
;;;;;;;;
;;;;;;;;
;;;;;;;;
;;;;;;;;
;;;;;;;;
;;;;;;;;
;;;;;;;;
;;;;;;;;
;;;;;;;;
;;;;;;;;
;;;;;;;;
;;;;;;;;
;;;;;;;;
;;;;;;;;
;;;;;;;;
;;;;;;;;
;;;;;;;;
;;;;;;;;
;;;;;;;;
;;;;;;;;
;;;;;;;;
;;;;;;;;
;;;;;;;;
;;;;;;;;
;;;;;;;;
;;;;;;;;
;;;;;;;;
;;;;;;;;
;;;;;;;;
;;;;;;;;
;;;;;;;;
;;;;;;;;
;;;;;;;;
;;;;;;;;
;;;;;;;;
;;;;;;;;
;;;;;;;;
;;;;;;;;
;;;;;;;;
;;;;;;;;
;;;;;;;;
;;;;;;;;
;;;;;;;;
;;;;;;;;
;;;;;;;;
;;;;;;;;
;;;;;;;;
;;;;;;;;
;;;;;;;;
;;;;;;;;
;;;;;;;;
;;;;;;;;
;;;;;;;;
;;;;;;;;
;;;;;;;;
;;;;;;;;
;;;;;;;;
;;;;;;;;
;;;;;;;;
;;;;;;;;
;;;;;;;;
;;;;;;;;
;;;;;;;;
;;;;;;;;
;;;;;;;;
;;;;;;;;
;;;;;;;;
;;;;;;;;
;;;;;;;;
;;;;;;;;
;;;;;;;;
;;;;;;;;
;;;;;;;;
;;;;;;;;
;;;;;;;;
;;;;;;;;
;;;;;;;;
;;;;;;;;
;;;;;;;;
;;;;;;;;
;;;;;;;;
;;;;;;;;
;;;;;;;;
;;;;;;;;
;;;;;;;;
;;;;;;;;
;;;;;;;;
;;;;;;;;
;;;;;;;;
;;;;;;;;
;;;;;;;;
;;;;;;;;
;;;;;;;;
;;;;;;;;
;;;;;;;;
;;;;;;;;
;;;;;;;;
;;;;;;;;
;;;;;;;;
;;;;;;;;
;;;;;;;;
;;;;;;;;
;;;;;;;;
;;;;;;;;
;;;;;;;;
;;;;;;;;
;;;;;;;;
;;;;;;;;
;;;;;;;;
;;;;;;;;
;;;;;;;;
;;;;;;;;
;;;;;;;;
;;;;;;;;
;;;;;;;;
;;;;;;;;
;;;;;;;;
;;;;;;;;
;;;;;;;;
;;;;;;;;
;;;;;;;;
;;;;;;;;
;;;;;;;;
;;;;;;;;
;;;;;;;;
;;;;;;;;
;;;;;;;;
;;;;;;;;
;;;;;;;;
;;;;;;;;
;;;;;;;;
;;;;;;;;
;;;;;;;;
;;;;;;;;
;;;;;;;;
;;;;;;;;
;;;;;;;;
;;;;;;;;
;;;;;;;;
;;;;;;;;
;;;;;;;;
;;;;;;;;
;;;;;;;;
;;;;;;;;
;;;;;;;;
;;;;;;;;
;;;;;;;;
;;;;;;;;
;;;;;;;;
;;;;;;;;
;;;;;;;;
;;;;;;;;
;;;;;;;;
;;;;;;;;
;;;;;;;;
;;;;;;;;
;;;;;;;;
;;;;;;;;
;;;;;;;;
;;;;;;;;
;;;;;;;;
;;;;;;;;
;;;;;;;;
;;;;;;;;
;;;;;;;;
;;;;;;;;
;;;;;;;;
;;;;;;;;
;;;;;;;;
;;;;;;;;
;;;;;;;;
;;;;;;;;
;;;;;;;;
;;;;;;;;
;;;;;;;;
;;;;;;;;
;;;;;;;;
;;;;;;;;
;;;;;;;;
;;;;;;;;
;;;;;;;;
;;;;;;;;
;;;;;;;;
;;;;;;;;
;;;;;;;;
;;;;;;;;
;;;;;;;;
;;;;;;;;
;;;;;;;;
;;;;;;;;
;;;;;;;;
;;;;;;;;
;;;;;;;;
;;;;;;;;
;;;;;;;;
;;;;;;;;
;;;;;;;;
;;;;;;;;
;;;;;;;;
;;;;;;;;
;;;;;;;;
;;;;;;;;
;;;;;;;;
;;;;;;;;
;;;;;;;;
;;;;;;;;
;;;;;;;;
;;;;;;;;
;;;;;;;;
;;;;;;;;
;;;;;;;;
;;;;;;;;
;;;;;;;;
;;;;;;;;
;;;;;;;;
;;;;;;;;
;;;;;;;;
;;;;;;;;
;;;;;;;;
;;;;;;;;
;;;;;;;;
;;;;;;;;
;;;;;;;;
;;;;;;;;
;;;;;;;;
;;;;;;;;
;;;;;;;;
;;;;;;;;
;;;;;;;;
;;;;;;;;
;;;;;;;;
;;;;;;;;
;;;;;;;;
;;;;;;;;
;;;;;;;;
;;;;;;;;
;;;;;;;;
;;;;;;;;
;;;;;;;;
;;;;;;;;
;;;;;;;;
;;;;;;;;
;;;;;;;;
;;;;;;;;
;;;;;;;;
;;;;;;;;
;;;;;;;;
;;;;;;;;
;;;;;;;;
;;;;;;;;
;;;;;;;;
;;;;;;;;
;;;;;;;;
;;;;;;;;
;;;;;;;;
;;;;;;;;
;;;;;;;;
;;;;;;;;
;;;;;;;;
;;;;;;;;
;;;;;;;;
;;;;;;;;
;;;;;;;;
;;;;;;;;
;;;;;;;;
;;;;;;;;
;;;;;;;;
;;;;;;;;
;;;;;;;;
;;;;;;;;
;;;;;;;;
;;;;;;;;
;;;;;;;;
;;;;;;;;
;;;;;;;;
;;;;;;;;
;;;;;;;;
;;;;;;;;
;;;;;;;;
;;;;;;;;
;;;;;;;;
;;;;;;;;
;;;;;;;;
;;;;;;;;
;;;;;;;;
;;;;;;;;
;;;;;;;;
;;;;;;;;
;;;;;;;;
;;;;;;;;
;;;;;;;;
;;;;;;;;
;;;;;;;;
;;;;;;;;
;;;;;;;;
;;;;;;;;
;;;;;;;;
;;;;;;;;
;;;;;;;;
;;;;;;;;
;;;;;;;;
;;;;;;;;
;;;;;;;;
;;;;;;;;
;;;;;;;;
;;;;;;;;
;;;;;;;;
;;;;;;;;
;;;;;;;;
;;;;;;;;
;;;;;;;;
;;;;;;;;
;;;;;;;;
;;;;;;;;
;;;;;;;;
;;;;;;;;
;;;;;;;;
;;;;;;;;
;;;;;;;;
;;;;;;;;
;;;;;;;;
;;;;;;;;
;;;;;;;;
;;;;;;;;
;;;;;;;;
;;;;;;;;
;;;;;;;;
;;;;;;;;
;;;;;;;;
;;;;;;;;
;;;;;;;;
;;;;;;;;
;;;;;;;;
;;;;;;;;
;;;;;;;;
;;;;;;;;
;;;;;;;;
;;;;;;;;
;;;;;;;;
;;;;;;;;
;;;;;;;;
;;;;;;;;
;;;;;;;;
;;;;;;;;
;;;;;;;;
;;;;;;;;
;;;;;;;;
;;;;;;;;
;;;;;;;;
;;;;;;;;
;;;;;;;;
;;;;;;;;
;;;;;;;;
;;;;;;;;
;;;;;;;;
;;;;;;;;
;;;;;;;;
;;;;;;;;
;;;;;;;;
;;;;;;;;
;;;;;;;;
;;;;;;;;
;;;;;;;;
;;;;;;;;
;;;;;;;;
;;;;;;;;
;;;;;;;;
;;;;;;;;
;;;;;;;;
;;;;;;;;
;;;;;;;;
;;;;;;;;
;;;;;;;;
;;;;;;;;
;;;;;;;;
;;;;;;;;
;;;;;;;;
;;;;;;;;
;;;;;;;;
;;;;;;;;
;;;;;;;;
;;;;;;;;
;;;;;;;;
;;;;;;;;
;;;;;;;;
;;;;;;;;
;;;;;;;;
;;;;;;;;
;;;;;;;;
;;;;;;;;
;;;;;;;;
;;;;;;;;
;;;;;;;;
;;;;;;;;
;;;;;;;;
;;;;;;;;
;;;;;;;;
;;;;;;;;
;;;;;;;;
;;;;;;;;
;;;;;;;;
;;;;;;;;
;;;;;;;;
;;;;;;;;
;;;;;;;;
;;;;;;;;
;;;;;;;;
;;;;;;;;
;;;;;;;;
;;;;;;;;
;;;;;;;;
;;;;;;;;
;;;;;;;;
;;;;;;;;
;;;;;;;;
;;;;;;;;
;;;;;;;;
;;;;;;;;
;;;;;;;;
;;;;;;;;
;;;;;;;;
;;;;;;;;
;;;;;;;;
;;;;;;;;
;;;;;;;;
;;;;;;;;
;;;;;;;;
;;;;;;;;
;;;;;;;;
;;;;;;;;
;;;;;;;;
;;;;;;;;
;;;;;;;;
;;;;;;;;
;;;;;;;;
;;;;;;;;
;;;;;;;;
;;;;;;;;
;;;;;;;;
;;;;;;;;
;;;;;;;;
;;;;;;;;
;;;;;;;;
;;;;;;;;
;;;;;;;;
;;;;;;;;
;;;;;;;;
;;;;;;;;
;;;;;;;;
;;;;;;;;
;;;;;;;;
;;;;;;;;
;;;;;;;;
;;;;;;;;
;;;;;;;;
;;;;;;;;
;;;;;;;;
;;;;;;;;
;;;;;;;;
;;;;;;;;
;;;;;;;;
;;;;;;;;
;;;;;;;;
;;;;;;;;
;;;;;;;;
;;;;;;;;
;;;;;;;;
;;;;;;;;
;;;;;;;;
;;;;;;;;
;;;;;;;;
;;;;;;;;
;;;;;;;;
;;;;;;;;
;;;;;;;;
;;;;;;;;
;;;;;;;;
;;;;;;;;
;;;;;;;;
;;;;;;;;
;;;;;;;;
;;;;;;;;
;;;;;;;;
;;;;;;;;
;;;;;;;;
;;;;;;;;
;;;;;;;;
;;;;;;;;
;;;;;;;;
;;;;;;;;
;;;;;;;;
;;;;;;;;
;;;;;;;;
;;;;;;;;
;;;;;;;;
;;;;;;;;
;;;;;;;;
;;;;;;;;
;;;;;;;;
;;;;;;;;
;;;;;;;;
;;;;;;;;
;;;;;;;;
;;;;;;;;
;;;;;;;;
;;;;;;;;
;;;;;;;;
;;;;;;;;
;;;;;;;;
;;;;;;;;
;;;;;;;;
;;;;;;;;
;;;;;;;;
;;;;;;;;
;;;;;;;;
;;;;;;;;
;;;;;;;;
;;;;;;;;
;;;;;;;;
;;;;;;;;
;;;;;;;;
;;;;;;;;
;;;;;;;;
;;;;;;;;
;;;;;;;;
;;;;;;;;
;;;;;;;;
;;;;;;;;
;;;;;;;;
;;;;;;;;
;;;;;;;;
;;;;;;;;
;;;;;;;;
;;;;;;;;
;;;;;;;;
;;;;;;;;
;;;;;;;;
;;;;;;;;
;;;;;;;;
;;;;;;;;
;;;;;;;;
;;;;;;;;
;;;;;;;;
;;;;;;;;
;;;;;;;;
;;;;;;;;
;;;;;;;;
;;;;;;;;
;;;;;;;;
;;;;;;;;
;;;;;;;;
;;;;;;;;
;;;;;;;;
;;;;;;;;
;;;;;;;;
;;;;;;;;
;;;;;;;;
;;;;;;;;
;;;;;;;;
;;;;;;;;
;;;;;;;;
;;;;;;;;
;;;;;;;;
;;;;;;;;
;;;;;;;;
;;;;;;;;
;;;;;;;;
;;;;;;;;
;;;;;;;;
;;;;;;;;
;;;;;;;;
;;;;;;;;
;;;;;;;;
;;;;;;;;
;;;;;;;;
;;;;;;;;
;;;;;;;;
;;;;;;;;
;;;;;;;;
;;;;;;;;
;;;;;;;;
;;;;;;;;
;;;;;;;;
;;;;;;;;
;;;;;;;;
;;;;;;;;
;;;;;;;;
;;;;;;;;
;;;;;;;;
;;;;;;;;
;;;;;;;;
;;;;;;;;
;;;;;;;;
;;;;;;;;
;;;;;;;;
;;;;;;;;
;;;;;;;;
;;;;;;;;
;;;;;;;;
;;;;;;;;
;;;;;;;;
;;;;;;;;
;;;;;;;;
;;;;;;;;
;;;;;;;;
;;;;;;;;
;;;;;;;;
;;;;;;;;
;;;;;;;;
;;;;;;;;
;;;;;;;;
;;;;;;;;
;;;;;;;;
;;;;;;;;
;;;;;;;;
;;;;;;;;
;;;;;;;;
;;;;;;;;
;;;;;;;;
;;;;;;;;
;;;;;;;;
;;;;;;;;
;;;;;;;;
;;;;;;;;
;;;;;;;;
;;;;;;;;
;;;;;;;;
;;;;;;;;
;;;;;;;;
;;;;;;;;
;;;;;;;;
;;;;;;;;
;;;;;;;;
;;;;;;;;
;;;;;;;;
;;;;;;;;
;;;;;;;;
;;;;;;;;
;;;;;;;;
;;;;;;;;
;;;;;;;;
;;;;;;;;
;;;;;;;;
;;;;;;;;
;;;;;;;;
;;;;;;;;
;;;;;;;;
;;;;;;;;
;;;;;;;;
;;;;;;;;
;;;;;;;;
;;;;;;;;
;;;;;;;;
;;;;;;;;
;;;;;;;;
;;;;;;;;
;;;;;;;;
;;;;;;;;
;;;;;;;;
;;;;;;;;
;;;;;;;;
;;;;;;;;
;;;;;;;;
;;;;;;;;
;;;;;;;;
;;;;;;;;
;;;;;;;;
;;;;;;;;
;;;;;;;;
;;;;;;;;
;;;;;;;;
;;;;;;;;
;;;;;;;;
;;;;;;;;
;;;;;;;;
;;;;;;;;
;;;;;;;;
;;;;;;;;
;;;;;;;;
;;;;;;;;
;;;;;;;;
;;;;;;;;
;;;;;;;;
;;;;;;;;
;;;;;;;;
;;;;;;;;
;;;;;;;;
;;;;;;;;
;;;;;;;;
;;;;;;;;
;;;;;;;;
;;;;;;;;
;;;;;;;;
;;;;;;;;
;;;;;;;;
;;;;;;;;
;;;;;;;;
;;;;;;;;
;;;;;;;;
;;;;;;;;
;;;;;;;;
;;;;;;;;
;;;;;;;;
;;;;;;;;
;;;;;;;;
;;;;;;;;
;;;;;;;;
;;;;;;;;
;;;;;;;;
;;;;;;;;
;;;;;;;;
;;;;;;;;
;;;;;;;;
;;;;;;;;
;;;;;;;;
;;;;;;;;
;;;;;;;;
;;;;;;;;
;;;;;;;;
;;;;;;;;
;;;;;;;;
;;;;;;;;
;;;;;;;;
;;;;;;;;
;;;;;;;;
;;;;;;;;
;;;;;;;;
;;;;;;;;
;;;;;;;;
;;;;;;;;
;;;;;;;;
;;;;;;;;
;;;;;;;;
;;;;;;;;
;;;;;;;;
;;;;;;;;
;;;;;;;;
;;;;;;;;
;;;;;;;;
;;;;;;;;
;;;;;;;;
;;;;;;;;
;;;;;;;;
;;;;;;;;
;;;;;;;;
;;;;;;;;
;;;;;;;;
;;;;;;;;
;;;;;;;;
;;;;;;;;
;;;;;;;;
;;;;;;;;
;;;;;;;;
;;;;;;;;
;;;;;;;;
;;;;;;;;
;;;;;;;;
;;;;;;;;
;;;;;;;;
;;;;;;;;
;;;;;;;;
;;;;;;;;
;;;;;;;;
;;;;;;;;
;;;;;;;;
;;;;;;;;
;;;;;;;;
;;;;;;;;
;;;;;;;;
;;;;;;;;
;;;;;;;;
;;;;;;;;
;;;;;;;;
;;;;;;;;
;;;;;;;;
;;;;;;;;
;;;;;;;;
;;;;;;;;
;;;;;;;;
;;;;;;;;
;;;;;;;;
;;;;;;;;
;;;;;;;;
;;;;;;;;
;;;;;;;;
;;;;;;;;
;;;;;;;;
;;;;;;;;
;;;;;;;;
;;;;;;;;
;;;;;;;;
;;;;;;;;
;;;;;;;;
;;;;;;;;
;;;;;;;;
;;;;;;;;
;;;;;;;;
;;;;;;;;
;;;;;;;;
;;;;;;;;
;;;;;;;;
;;;;;;;;
;;;;;;;;
;;;;;;;;
;;;;;;;;
;;;;;;;;
;;;;;;;;
;;;;;;;;
;;;;;;;;
;;;;;;;;
;;;;;;;;
;;;;;;;;
;;;;;;;;
;;;;;;;;
;;;;;;;;
;;;;;;;;
;;;;;;;;
;;;;;;;;
;;;;;;;;
;;;;;;;;
;;;;;;;;
;;;;;;;;
;;;;;;;;
;;;;;;;;
;;;;;;;;
;;;;;;;;
;;;;;;;;
;;;;;;;;
;;;;;;;;
;;;;;;;;
;;;;;;;;
;;;;;;;;
;;;;;;;;
;;;;;;;;
;;;;;;;;
;;;;;;;;
;;;;;;;;
;;;;;;;;
;;;;;;;;
;;;;;;;;
;;;;;;;;
;;;;;;;;
;;;;;;;;
;;;;;;;;
;;;;;;;;
;;;;;;;;
;;;;;;;;
;;;;;;;;
;;;;;;;;
;;;;;;;;
;;;;;;;;
;;;;;;;;
;;;;;;;;
;;;;;;;;
;;;;;;;;
;;;;;;;;
;;;;;;;;
;;;;;;;;
;;;;;;;;
;;;;;;;;
;;;;;;;;
;;;;;;;;
;;;;;;;;
;;;;;;;;
;;;;;;;;
;;;;;;;;
;;;;;;;;
;;;;;;;;
;;;;;;;;
;;;;;;;;
;;;;;;;;
;;;;;;;;
;;;;;;;;
;;;;;;;;
;;;;;;;;
;;;;;;;;
;;;;;;;;
;;;;;;;;
;;;;;;;;
;;;;;;;;
;;;;;;;;
;;;;;;;;
;;;;;;;;
;;;;;;;;
;;;;;;;;
;;;;;;;;
;;;;;;;;
;;;;;;;;
;;;;;;;;
;;;;;;;;
;;;;;;;;
;;;;;;;;
;;;;;;;;
;;;;;;;;
;;;;;;;;
;;;;;;;;
;;;;;;;;
;;;;;;;;
;;;;;;;;
;;;;;;;;
;;;;;;;;
;;;;;;;;
;;;;;;;;
;;;;;;;;
;;;;;;;;
;;;;;;;;
;;;;;;;;
;;;;;;;;
;;;;;;;;
;;;;;;;;
;;;;;;;;
;;;;;;;;
;;;;;;;;
;;;;;;;;
;;;;;;;;
;;;;;;;;
;;;;;;;;
;;;;;;;;
;;;;;;;;
;;;;;;;;
;;;;;;;;
;;;;;;;;
;;;;;;;;
;;;;;;;;
;;;;;;;;
;;;;;;;;
;;;;;;;;
;;;;;;;;
;;;;;;;;
;;;;;;;;
;;;;;;;;
;;;;;;;;
;;;;;;;;
;;;;;;;;
;;;;;;;;
;;;;;;;;
;;;;;;;;
;;;;;;;;
;;;;;;;;
;;;;;;;;
;;;;;;;;
;;;;;;;;
;;;;;;;;
;;;;;;;;
;;;;;;;;
;;;;;;;;
;;;;;;;;
;;;;;;;;
;;;;;;;;
;;;;;;;;
;;;;;;;;
6;1.00E-06;-4.56E-12;0;;;;;
6;69.1047;-1.74249;-3.67E-12;;;;;
6;138.209;-3.15954;-1.71E-06;;;;;
6;207.314;-4.46666;-1.60E-05;;;;;
6;276.419;-5.70585;-4.38E-05;;;;;
6;345.523;-6.89727;-7.39E-05;;;;;
6;414.628;-8.05227;-0.000100955;;;;;
6;483.733;-9.1781;-0.000124749;;;;;
6;552.837;-10.2799;-0.000145872;;;;;
6;621.942;-11.3616;-0.000164581;;;;;
6;691.047;-12.4262;-0.000180986;;;;;
6;760.151;-13.476;-0.000195276;;;;;
6;829.256;-14.5128;-0.000207744;;;;;
6;898.361;-15.5381;-0.000218734;;;;;
6;967.466;-16.5529;-0.000228595;;;;;
6;1036.57;-17.5583;-0.000237648;;;;;
6;1105.67;-18.5551;-0.000246171;;;;;
6;1174.78;-19.5439;-0.000254389;;;;;
6;1243.88;-20.5255;-0.000262475;;;;;
6;1312.99;-21.5002;-0.000270547;;;;;
6;1382.09;-22.4689;-0.00027868;;;;;
6;1451.2;-23.4318;-0.000286906;;;;;
6;1520.3;-24.3896;-0.000295233;;;;;
6;1589.41;-25.3426;-0.000303649;;;;;
6;1658.51;-26.2913;-0.000312128;;;;;
6;1727.62;-27.2361;-0.000320646;;;;;
6;1796.72;-28.1774;-0.000329177;;;;;
6;1865.83;-29.1155;-0.000337701;;;;;
6;1934.93;-30.0506;-0.000346205;;;;;
6;2004.04;-30.9832;-0.000354685;;;;;
6;2073.14;-31.9134;-0.000363146;;;;;
6;2142.25;-32.8415;-0.000371601;;;;;
6;2211.35;-33.7678;-0.000380071;;;;;
6;2280.45;-34.6924;-0.000388585;;;;;
6;2349.56;-35.6155;-0.000397181;;;;;
6;2418.66;-36.5373;-0.000405906;;;;;
6;2487.77;-37.4579;-0.000414815;;;;;
6;2556.87;-38.3775;-0.000423973;;;;;
6;2625.98;-39.2963;-0.00043346;;;;;
6;2695.08;-40.2144;-0.00044337;;;;;
6;2764.19;-41.1319;-0.000453819;;;;;
6;2833.29;-42.0489;-0.000464949;;;;;
6;2902.4;-42.9656;-0.000476941;;;;;
6;2971.5;-43.882;-0.00049003;;;;;
6;3040.61;-44.7982;-0.000504529;;;;;
6;3109.71;-45.7145;-0.00052087;;;;;
6;3178.82;-46.6307;-0.000539673;;;;;
6;3247.92;-47.5472;-0.000561857;;;;;
6;3317.02;-48.4638;-0.000588838;;;;;
6;3386.13;-49.3808;-0.000622853;;;;;
6;3455.23;-50.2982;-0.000667451;;;;;
6;3524.34;-51.2161;-0.000727984;;;;;
6;3593.44;-52.1345;-0.000811362;;;;;
6;3662.55;-53.0537;-0.000923732;;;;;
6;3731.65;-53.9735;-0.00106627;;;;;
6;3800.76;-54.8941;-0.00123309;;;;;
6;3869.86;-55.8156;-0.00141377;;;;;
6;3938.97;-56.7379;-0.00159732;;;;;
6;4008.07;-57.6611;-0.00177409;;;;;
6;4077.18;-58.5853;-0.00193622;;;;;
6;4146.28;-59.5105;-0.00207745;;;;;
6;4215.39;-60.4367;-0.00219295;;;;;
6;4284.49;-61.364;-0.00227919;;;;;
6;4353.59;-62.2923;-0.0023338;;;;;
6;4422.7;-63.2217;-0.00235552;;;;;
6;4491.8;-64.1522;-0.00234411;;;;;
6;4560.91;-65.0838;-0.00230031;;;;;
6;4630.01;-66.0166;-0.00222573;;;;;
6;4699.12;-66.9504;-0.00212289;;;;;
6;4768.22;-67.8853;-0.00199516;;;;;
6;4837.33;-68.8212;-0.00184679;;;;;
6;4906.43;-69.7583;-0.00168295;;;;;
6;4975.54;-70.6963;-0.00150985;;;;;
6;5044.64;-71.6353;-0.00133485;;;;;
6;5113.75;-72.5753;-0.00116648;;;;;
6;5182.85;-73.5161;-0.00101377;;;;;
6;5251.96;-74.4578;-0.000884334;;;;;
6;5321.06;-75.4003;-0.000781591;;;;;
6;5390.17;-76.3435;-0.000703646;;;;;
6;5459.27;-77.2872;-0.000645304;;;;;
6;5528.37;-78.2315;-0.000600991;;;;;
6;5597.48;-79.1761;-0.000566315;;;;;
6;5666.58;-80.121;-0.000538254;;;;;
6;5735.69;-81.0661;-0.000514831;;;;;
6;5804.79;-82.0113;-0.00049476;;;;;
6;5873.9;-82.9563;-0.00047719;;;;;
6;5943;-83.9011;-0.000461538;;;;;
6;6012.11;-84.8455;-0.0004474;;;;;
6;6081.21;-85.7893;-0.000434482;;;;;
6;6150.32;-86.7325;-0.000422566;;;;;
6;6219.42;-87.6748;-0.00041149;;;;;
6;6288.53;-88.616;-0.000401125;;;;;
6;6357.63;-89.556;-0.000391372;;;;;
6;6426.74;-90.4946;-0.000382149;;;;;
6;6495.84;-91.4315;-0.000373392;;;;;
6;6564.94;-92.3666;-0.000365046;;;;;
6;6634.05;-93.2996;-0.000357067;;;;;
6;6703.15;-94.2304;-0.000349417;;;;;
6;6772.26;-95.1586;-0.000342062;;;;;
6;6841.36;-96.0841;-0.000334977;;;;;
6;6910.47;-97.0066;-0.000328136;;;;;
6;6979.57;-97.9259;-0.000321519;;;;;
6;7048.68;-98.8416;-0.000315108;;;;;
6;7117.78;-99.7535;-0.000308886;;;;;
6;7186.89;-100.661;-0.00030284;;;;;
6;7255.99;-101.565;-0.000296957;;;;;
6;7325.1;-102.464;-0.000291226;;;;;
6;7394.2;-103.358;-0.000285636;;;;;
6;7463.31;-104.246;-0.000280178;;;;;
6;7532.41;-105.129;-0.000274844;;;;;
6;7601.51;-106.006;-0.000269627;;;;;
6;7670.62;-106.877;-0.00026452;;;;;
6;7739.72;-107.742;-0.000259516;;;;;
6;7808.83;-108.599;-0.00025461;;;;;
6;7877.93;-109.449;-0.000249797;;;;;
6;7947.04;-110.292;-0.000245072;;;;;
6;8016.14;-111.126;-0.00024043;;;;;
6;8085.25;-111.952;-0.000235868;;;;;
6;8154.35;-112.769;-0.000231382;;;;;
6;8223.46;-113.577;-0.000226968;;;;;
6;8292.56;-114.375;-0.000222623;;;;;
6;8361.67;-115.163;-0.000218343;;;;;
6;8430.77;-115.941;-0.000214127;;;;;
6;8499.88;-116.708;-0.000209972;;;;;
6;8568.98;-117.464;-0.000205874;;;;;
6;8638.08;-118.207;-0.000201832;;;;;
6;8707.19;-118.939;-0.000197844;;;;;
6;8776.29;-119.658;-0.000193908;;;;;
6;8845.4;-120.363;-0.000190021;;;;;
6;8914.5;-121.055;-0.000186183;;;;;
6;8983.61;-121.733;-0.00018239;;;;;
6;9052.71;-122.397;-0.000178643;;;;;
6;9121.82;-123.045;-0.000174939;;;;;
6;9190.92;-123.677;-0.000171277;;;;;
6;9260.03;-124.293;-0.000167657;;;;;
6;9329.13;-124.893;-0.000164076;;;;;
6;9398.24;-125.475;-0.000160534;;;;;
6;9467.34;-126.04;-0.00015703;;;;;
6;9536.45;-126.586;-0.000153564;;;;;
6;9605.55;-127.114;-0.000150135;;;;;
6;9674.66;-127.622;-0.000146742;;;;;
6;9743.76;-128.11;-0.000143384;;;;;
6;9812.86;-128.577;-0.000140062;;;;;
6;9881.97;-129.023;-0.000136775;;;;;
6;9951.07;-129.448;-0.000133523;;;;;
6;10020.2;-129.85;-0.000130307;;;;;
6;10089.3;-130.229;-0.000127125;;;;;
6;10158.4;-130.585;-0.000123979;;;;;
6;10227.5;-130.916;-0.000120868;;;;;
6;10296.6;-131.223;-0.000117793;;;;;
6;10365.7;-131.504;-0.000114754;;;;;
6;10434.8;-131.759;-0.000111751;;;;;
6;10503.9;-131.988;-0.000108786;;;;;
6;10573;-132.189;-0.000105858;;;;;
6;10642.1;-132.362;-0.000102968;;;;;
6;10711.2;-132.506;-0.000100116;;;;;
6;10780.3;-132.621;-9.73E-05;;;;;
6;10849.4;-132.706;-9.45E-05;;;;;
6;10918.5;-132.76;-9.18E-05;;;;;
6;10987.6;-132.783;-8.91E-05;;;;;
6;11056.7;-132.773;-8.65E-05;;;;;
6;11125.9;-132.731;-8.39E-05;;;;;
6;11195;-132.655;-8.13E-05;;;;;
6;11264.1;-132.545;-7.88E-05;;;;;
6;11333.2;-132.4;-7.63E-05;;;;;
6;11402.3;-132.219;-7.39E-05;;;;;
6;11471.4;-132.002;-7.15E-05;;;;;
6;11540.5;-131.748;-6.91E-05;;;;;
6;11609.6;-131.455;-6.69E-05;;;;;
6;11678.7;-131.124;-6.46E-05;;;;;
6;11747.8;-130.754;-6.24E-05;;;;;
6;11816.9;-130.344;-6.03E-05;;;;;
6;11886;-129.892;-5.81E-05;;;;;
6;11955.1;-129.399;-5.61E-05;;;;;
6;12024.2;-128.863;-5.41E-05;;;;;
6;12093.3;-128.284;-5.21E-05;;;;;
6;12162.4;-127.661;-5.02E-05;;;;;
6;12231.5;-126.993;-4.83E-05;;;;;
6;12300.6;-126.279;-4.65E-05;;;;;
6;12369.7;-125.519;-4.47E-05;;;;;
6;12438.8;-124.711;-4.30E-05;;;;;
6;12507.9;-123.855;-4.13E-05;;;;;
6;12577.1;-122.951;-3.97E-05;;;;;
6;12646.2;-121.996;-3.81E-05;;;;;
6;12715.3;-120.991;-3.65E-05;;;;;
6;12784.4;-119.934;-3.50E-05;;;;;
6;12853.5;-118.825;-3.36E-05;;;;;
6;12922.6;-117.663;-3.22E-05;;;;;
6;12991.7;-116.446;-3.08E-05;;;;;
6;13060.8;-115.175;-2.95E-05;;;;;
6;13129.9;-113.847;-2.82E-05;;;;;
6;13199;-112.463;-2.69E-05;;;;;
6;13268.1;-111.021;-2.57E-05;;;;;
6;13337.2;-109.521;-2.45E-05;;;;;
6;13406.3;-107.961;-2.35E-05;;;;;
6;13475.4;-106.34;-2.25E-05;;;;;
6;13544.5;-104.659;-2.16E-05;;;;;
6;13613.6;-102.915;-2.07E-05;;;;;
6;13682.7;-101.108;-2.36E-05;;;;;
6;13751.8;-99.2414;0;;;;;
6;13820.9;-95.5985;0;;;;;
6;13890;-93.6003;0;;;;;
6;13959.1;-91.535;0;;;;;
6;14028.2;-89.4015;0;;;;;
6;14097.4;-87.1988;0;;;;;
6;14166.5;-84.9258;0;;;;;
6;14235.6;-82.5816;0;;;;;
6;14304.7;-80.1649;0;;;;;
6;14373.8;-77.6747;0;;;;;
6;14442.9;-75.1099;0;;;;;
6;14512;-72.4694;0;;;;;
6;14581.1;-69.7519;0;;;;;
6;14650.2;-66.9563;0;;;;;
6;14719.3;-64.0815;0;;;;;
6;14788.4;-61.1261;0;;;;;
6;14857.5;-58.0889;0;;;;;
6;14926.6;-54.9687;0;;;;;
6;14995.7;-51.764;0;;;;;
6;15064.8;-48.4736;0;;;;;
6;15133.9;-45.0962;0;;;;;
6;15203;-41.6301;0;;;;;
6;15272.1;-38.0741;0;;;;;
6;15341.2;-34.4266;0;;;;;
6;15410.3;-30.6861;0;;;;;
6;15479.4;-26.8509;0;;;;;
6;15548.6;-22.9195;0;;;;;
6;15617.7;-18.8901;0;;;;;
6;15686.8;-14.7611;0;;;;;
6;15755.9;-10.5305;0;;;;;
6;15825;-6.19663;0;;;;;
6;15894.1;-1.75743;0;;;;;
6;15963.2;2.78905;0;;;;;
6;16032.3;7.44492;0;;;;;
6;16101.4;12.2123;0;;;;;
6;16170.5;17.0935;0;;;;;
6;16239.6;22.0908;0;;;;;
6;16308.7;27.2066;0;;;;;
6;16377.8;32.4434;0;;;;;
6;16446.9;37.804;0;;;;;
6;16516;43.291;0;;;;;
6;16585.1;48.9073;0;;;;;
6;16654.2;54.6559;0;;;;;
6;16723.3;60.5399;0;;;;;
6;16792.4;66.5626;0;;;;;
6;16861.5;72.7274;0;;;;;
6;16930.6;79.0378;0;;;;;
6;16999.8;85.4976;0;;;;;
6;17068.9;92.1107;0;;;;;
6;17138;98.8811;0;;;;;
6;17207.1;105.813;0;;;;;
6;17276.2;112.911;0;;;;;
6;17345.3;120.18;0;;;;;
6;17414.4;127.625;0;;;;;
6;17483.5;135.251;0;;;;;
6;17552.6;143.062;0;;;;;
6;17621.7;151.066;0;;;;;
6;17690.8;159.267;0;;;;;
6;17759.9;167.673;0;;;;;
6;17829;176.289;0;;;;;
6;17898.1;185.122;0;;;;;
6;17967.2;194.179;0;;;;;
6;18036.3;203.468;0;;;;;
6;18105.4;212.997;0;;;;;
6;18174.5;222.773;0;;;;;
6;18243.6;232.805;0;;;;;
6;18312.7;243.103;0;;;;;
6;18381.8;253.675;0;;;;;
6;18450.9;264.53;0;;;;;
6;18520.1;275.681;0;;;;;
6;18589.2;287.136;0;;;;;
6;18658.3;298.907;0;;;;;
6;18727.4;311.005;0;;;;;
6;18796.5;323.443;0;;;;;
6;18865.6;336.234;0;;;;;
6;18934.7;349.39;0;;;;;
6;19003.8;362.925;0;;;;;
6;19072.9;376.853;0;;;;;
6;19142;391.19;0;;;;;
6;19211.1;405.95;0;;;;;
6;19280.2;421.151;0;;;;;
6;19349.3;436.808;0;;;;;
6;19418.4;452.94;0;;;;;
6;19487.5;469.565;0;;;;;
6;19556.6;486.701;0;;;;;
6;19625.7;504.369;0;;;;;
6;19694.8;522.588;0;;;;;
6;19763.9;541.381;0;;;;;
6;19833;560.77;0;;;;;
6;19902.1;580.778;0;;;;;
6;19971.3;601.429;0;;;;;
6;20040.4;622.748;0;;;;;
6;20109.5;644.761;0;;;;;
6;20178.6;667.496;0;;;;;
6;20247.7;690.98;0;;;;;
6;20316.8;715.244;0;;;;;
6;20385.9;740.318;0;;;;;
6;20455;766.233;0;;;;;
6;20524.1;793.024;0;;;;;
6;20593.2;820.725;0;;;;;
6;20662.3;849.373;0;;;;;
6;20731.4;879.005;0;;;;;
6;20800.5;909.661;0;;;;;
6;20869.6;941.383;0;;;;;
6;20938.7;974.214;0;;;;;
6;21007.8;1008.2;0;;;;;
6;21076.9;1043.39;0;;;;;
6;21146;1079.83;0;;;;;
6;21215.1;1117.57;0;;;;;
6;21284.2;1156.68;0;;;;;
6;21353.3;1197.21;0;;;;;
6;21422.5;1239.21;0;;;;;
6;21491.6;1282.76;0;;;;;
6;21560.7;1327.93;0;;;;;
6;21629.8;1374.78;0;;;;;
6;21698.9;1423.39;0;;;;;
6;21768;1473.85;0;;;;;
6;21837.1;1526.23;0;;;;;
6;21906.2;1580.64;0;;;;;
6;21975.3;1637.16;0;;;;;
6;22044.4;1695.9;0;;;;;
6;22113.5;1756.97;0;;;;;
6;22182.6;1820.49;0;;;;;
6;22251.7;1886.58;0;;;;;
6;22320.8;1955.37;0;;;;;
6;22389.9;2027;0;;;;;
6;22459;2101.63;0;;;;;
6;22528.1;2179.42;0;;;;;
6;22597.2;2260.54;0;;;;;
6;22666.3;2345.17;0;;;;;
6;22735.4;2433.52;0;;;;;
6;22804.5;2525.79;0;;;;;
6;22873.6;2622.21;0;;;;;
6;22942.8;2723.03;0;;;;;
6;23011.9;2828.52;0;;;;;
6;23081;2938.95;0;;;;;
6;23150.1;3054.62;0;;;;;
6;23219.2;3175.88;0;;;;;
6;23288.3;3303.07;0;;;;;
6;23357.4;3436.57;0;;;;;
6;23426.5;3576.8;0;;;;;
6;23495.6;3724.22;0;;;;;
6;23564.7;3879.29;0;;;;;
6;23633.8;4042.57;0;;;;;
6;23702.9;4214.61;0;;;;;
6;23772;4396.04;0;;;;;
6;23841.1;4587.55;0;;;;;
6;23910.2;4789.89;0;;;;;
6;23979.3;5003.87;0;;;;;
6;24048.4;5230.39;0;;;;;
6;24117.5;5470.42;0;;;;;
6;24186.6;5725.06;0;;;;;
6;24255.7;5995.49;0;;;;;
6;24324.8;6283.04;0;;;;;
6;24394;6589.17;0;;;;;
6;24463.1;6915.48;0;;;;;
6;24532.2;7263.78;0;;;;;
6;24601.3;7636.09;0;;;;;
6;24670.4;8034.62;0;;;;;
6;24739.5;8461.9;0;;;;;
6;24808.6;8920.74;0;;;;;
6;24877.7;9414.3;0;;;;;
6;24946.8;9946.17;0;;;;;
6;25015.9;10520.4;0;;;;;
6;25085;11141.6;0;;;;;
6;25154.1;11815;0;;;;;
6;25223.2;12546.6;0;;;;;
6;25292.3;13343.4;0;;;;;
6;25361.4;14213.2;0;;;;;
6;25430.5;15165.4;0;;;;;
6;25499.6;16210.5;0;;;;;
6;25568.7;17361.2;0;;;;;
6;25637.8;18632.1;0;;;;;
6;25706.9;20040.6;0;;;;;
6;25776;21607.4;0;;;;;
6;25845.2;23357.1;0;;;;;
6;25914.3;25319.4;0;;;;;
6;25983.4;27530.2;0;;;;;
6;26052.5;30033.5;0;;;;;
6;26121.6;32883.4;0;;;;;
6;26190.7;36147;0;;;;;
6;26259.8;39908.8;0;;;;;
6;26328.9;44275.9;0;;;;;
6;26398;49385.9;0;;;;;
6;26467.1;55417.8;0;;;;;
6;26536.2;62608.2;0;;;;;
6;26605.3;71275.1;0;;;;;
6;26674.4;81853.3;0;;;;;
6;26743.5;94951.1;0;;;;;
6;26812.6;111440;0;;;;;
6;26881.7;132603;0;;;;;
6;26950.8;160396;0;;;;;
6;27019.9;197915;0;;;;;
6;27089;250307;0;;;;;
6;27158.1;326633;0;;;;;
6;27227.2;444089;0;;;;;
6;27296.3;638648;0;;;;;
6;27365.5;996369;0;;;;;
6;27434.6;1.77E+06;0;;;;;
6;27503.7;3.97E+06;0;;;;;
6;27572.8;1.58E+07;0;;;;;
7;1.00E-06;-4.56E-12;0;;;;;
7;69.1047;-1.74249;0;;;;;
7;138.209;-3.15954;0;;;;;
7;207.314;-4.46666;-1.33E-17;;;;;
7;276.419;-5.70585;-8.25E-14;;;;;
7;345.523;-6.89727;-1.13E-11;;;;;
7;414.628;-8.05227;-2.62E-10;;;;;
7;483.733;-9.1781;-2.44E-09;;;;;
7;552.837;-10.2799;-1.32E-08;;;;;
7;621.942;-11.3616;-4.85E-08;;;;;
7;691.047;-12.4262;-1.33E-07;;;;;
7;760.151;-13.476;-2.90E-07;;;;;
7;829.256;-14.5128;-5.35E-07;;;;;
7;898.361;-15.5381;-8.73E-07;;;;;
7;967.466;-16.5529;-1.30E-06;;;;;
7;1036.57;-17.5584;-1.82E-06;;;;;
7;1105.67;-18.5551;-2.44E-06;;;;;
7;1174.78;-19.5439;-3.16E-06;;;;;
7;1243.88;-20.5255;-3.99E-06;;;;;
7;1312.99;-21.5003;-4.93E-06;;;;;
7;1382.09;-22.4689;-6.00E-06;;;;;
7;1451.2;-23.4318;-7.18E-06;;;;;
7;1520.3;-24.3896;-8.47E-06;;;;;
7;1589.41;-25.3426;-9.85E-06;;;;;
7;1658.51;-26.2913;-1.13E-05;;;;;
7;1727.62;-27.2361;-1.28E-05;;;;;
7;1796.72;-28.1774;-1.43E-05;;;;;
7;1865.83;-29.1155;-1.58E-05;;;;;
7;1934.93;-30.0506;-1.74E-05;;;;;
7;2004.04;-30.9832;-1.89E-05;;;;;
7;2073.14;-31.9134;-2.04E-05;;;;;
7;2142.25;-32.8416;-2.20E-05;;;;;
7;2211.35;-33.7678;-2.35E-05;;;;;
7;2280.45;-34.6924;-2.51E-05;;;;;
7;2349.56;-35.6155;-2.67E-05;;;;;
7;2418.66;-36.5373;-2.83E-05;;;;;
7;2487.77;-37.4579;-3.00E-05;;;;;
7;2556.87;-38.3776;-3.18E-05;;;;;
7;2625.98;-39.2964;-3.37E-05;;;;;
7;2695.08;-40.2145;-3.57E-05;;;;;
7;2764.19;-41.1319;-3.80E-05;;;;;
7;2833.29;-42.049;-4.06E-05;;;;;
7;2902.4;-42.9656;-4.37E-05;;;;;
7;2971.5;-43.882;-4.75E-05;;;;;
7;3040.61;-44.7983;-5.27E-05;;;;;
7;3109.71;-45.7145;-6.12E-05;;;;;
7;3178.82;-46.6308;-8.24E-05;;;;;
7;3247.92;-47.5473;-0.000162534;;;;;
7;3317.02;-48.4642;-0.000335514;;;;;
7;3386.13;-49.3814;-0.0005811;;;;;
7;3455.23;-50.2991;-0.000883211;;;;;
7;3524.34;-51.2173;-0.00122796;;;;;
7;3593.44;-52.1361;-0.00160224;;;;;
7;3662.55;-53.0556;-0.00199276;;;;;
7;3731.65;-53.9759;-0.00238664;;;;;
7;3800.76;-54.8969;-0.00277242;;;;;
7;3869.86;-55.8187;-0.00314006;;;;;
7;3938.97;-56.7414;-0.00348075;;;;;
7;4008.07;-57.6649;-0.00378683;;;;;
7;4077.18;-58.5894;-0.00405183;;;;;
7;4146.28;-59.5148;-0.00427051;;;;;
7;4215.39;-60.4412;-0.00443886;;;;;
7;4284.49;-61.3686;-0.00455411;;;;;
7;4353.59;-62.2969;-0.00461468;;;;;
7;4422.7;-63.2264;-0.00462018;;;;;
7;4491.8;-64.1568;-0.00457129;;;;;
7;4560.91;-65.0883;-0.00446968;;;;;
7;4630.01;-66.0209;-0.00431794;;;;;
7;4699.12;-66.9545;-0.00411946;;;;;
7;4768.22;-67.8891;-0.00387838;;;;;
7;4837.33;-68.8248;-0.0035995;;;;;
7;4906.43;-69.7615;-0.00328831;;;;;
7;4975.54;-70.6992;-0.00295093;;;;;
7;5044.64;-71.6379;-0.00259419;;;;;
7;5113.75;-72.5775;-0.00222569;;;;;
7;5182.85;-73.518;-0.00185409;;;;;
7;5251.96;-74.4593;-0.00148935;;;;;
7;5321.06;-75.4014;-0.00114213;;;;;
7;5390.17;-76.3443;-0.000822902;;;;;
7;5459.27;-77.2878;-0.000542914;;;;;
7;5528.37;-78.2318;-0.000314944;;;;;
7;5597.48;-79.1763;-0.000154501;;;;;
7;5666.58;-80.1211;-7.97E-05;;;;;
7;5735.69;-81.0662;-5.84E-05;;;;;
7;5804.79;-82.0113;-4.95E-05;;;;;
7;5873.9;-82.9563;-4.40E-05;;;;;
7;5943;-83.9011;-3.99E-05;;;;;
7;6012.11;-84.8455;-3.67E-05;;;;;
7;6081.21;-85.7894;-3.39E-05;;;;;
7;6150.32;-86.7325;-3.15E-05;;;;;
7;6219.42;-87.6748;-2.93E-05;;;;;
7;6288.53;-88.616;-2.74E-05;;;;;
7;6357.63;-89.556;-2.55E-05;;;;;
7;6426.74;-90.4946;-2.39E-05;;;;;
7;6495.84;-91.4315;-2.23E-05;;;;;
7;6564.94;-92.3666;-2.07E-05;;;;;
7;6634.05;-93.2996;-1.93E-05;;;;;
7;6703.15;-94.2304;-1.79E-05;;;;;
7;6772.26;-95.1586;-1.66E-05;;;;;
7;6841.36;-96.0841;-1.53E-05;;;;;
7;6910.47;-97.0066;-1.41E-05;;;;;
7;6979.57;-97.9259;-1.29E-05;;;;;
7;7048.68;-98.8416;-1.18E-05;;;;;
7;7117.78;-99.7535;-1.07E-05;;;;;
7;7186.89;-100.661;-9.69E-06;;;;;
7;7255.99;-101.565;-8.73E-06;;;;;
7;7325.1;-102.464;-7.82E-06;;;;;
7;7394.2;-103.358;-6.98E-06;;;;;
7;7463.31;-104.246;-6.19E-06;;;;;
7;7532.41;-105.129;-5.47E-06;;;;;
7;7601.51;-106.007;-4.81E-06;;;;;
7;7670.62;-106.877;-4.20E-06;;;;;
7;7739.72;-107.742;-3.66E-06;;;;;
7;7808.83;-108.599;-3.17E-06;;;;;
7;7877.93;-109.449;-2.73E-06;;;;;
7;7947.04;-110.292;-2.34E-06;;;;;
7;8016.14;-111.126;-2.00E-06;;;;;
7;8085.25;-111.952;-1.70E-06;;;;;
7;8154.35;-112.769;-1.44E-06;;;;;
7;8223.46;-113.577;-1.21E-06;;;;;
7;8292.56;-114.375;-1.02E-06;;;;;
7;8361.67;-115.163;-8.50E-07;;;;;
7;8430.77;-115.941;-7.07E-07;;;;;
7;8499.88;-116.708;-5.86E-07;;;;;
7;8568.98;-117.464;-4.84E-07;;;;;
7;8638.08;-118.207;-3.98E-07;;;;;
7;8707.19;-118.939;-3.26E-07;;;;;
7;8776.29;-119.658;-2.66E-07;;;;;
7;8845.4;-120.363;-2.17E-07;;;;;
7;8914.5;-121.055;-1.76E-07;;;;;
7;8983.61;-121.733;-1.42E-07;;;;;
7;9052.71;-122.397;-1.14E-07;;;;;
7;9121.82;-123.045;-9.16E-08;;;;;
7;9190.92;-123.677;-7.32E-08;;;;;
7;9260.03;-124.293;-5.83E-08;;;;;
7;9329.13;-124.893;-4.63E-08;;;;;
7;9398.24;-125.475;-3.66E-08;;;;;
7;9467.34;-126.04;-2.89E-08;;;;;
7;9536.45;-126.586;-2.27E-08;;;;;
7;9605.55;-127.114;-1.78E-08;;;;;
7;9674.66;-127.622;-1.39E-08;;;;;
7;9743.76;-128.11;-1.08E-08;;;;;
7;9812.86;-128.577;-8.42E-09;;;;;
7;9881.97;-129.023;-6.51E-09;;;;;
7;9951.07;-129.448;-5.03E-09;;;;;
7;10020.2;-129.85;-3.87E-09;;;;;
7;10089.3;-130.229;-2.97E-09;;;;;
7;10158.4;-130.585;-2.27E-09;;;;;
7;10227.5;-130.916;-1.73E-09;;;;;
7;10296.6;-131.223;-1.32E-09;;;;;
7;10365.7;-131.504;-9.97E-10;;;;;
7;10434.8;-131.759;-7.54E-10;;;;;
7;10503.9;-131.988;-5.68E-10;;;;;
7;10573;-132.189;-4.27E-10;;;;;
7;10642.1;-132.362;-3.20E-10;;;;;
7;10711.2;-132.506;-2.39E-10;;;;;
7;10780.3;-132.621;-1.78E-10;;;;;
7;10849.4;-132.706;-1.33E-10;;;;;
7;10918.5;-132.76;-9.83E-11;;;;;
7;10987.6;-132.783;-7.27E-11;;;;;
7;11056.7;-132.773;-5.36E-11;;;;;
7;11125.9;-132.731;-3.94E-11;;;;;
7;11195;-132.655;-2.89E-11;;;;;
7;11264.1;-132.545;-2.12E-11;;;;;
7;11333.2;-132.4;-1.54E-11;;;;;
7;11402.3;-132.219;-1.12E-11;;;;;
7;11471.4;-132.002;-8.16E-12;;;;;
7;11540.5;-131.748;-5.91E-12;;;;;
7;11609.6;-131.455;-4.27E-12;;;;;
7;11678.7;-131.124;-3.07E-12;;;;;
7;11747.8;-130.754;-2.21E-12;;;;;
7;11816.9;-130.344;-1.58E-12;;;;;
7;11886;-129.892;-1.13E-12;;;;;
7;11955.1;-129.399;-8.07E-13;;;;;
7;12024.2;-128.863;-5.74E-13;;;;;
7;12093.3;-128.284;-4.07E-13;;;;;
7;12162.4;-127.661;-2.88E-13;;;;;
7;12231.5;-126.993;-2.03E-13;;;;;
7;12300.6;-126.279;-1.43E-13;;;;;
7;12369.7;-125.519;-1.00E-13;;;;;
7;12438.8;-124.711;-7.00E-14;;;;;
7;12507.9;-123.855;-4.88E-14;;;;;
7;12577.1;-122.951;-3.40E-14;;;;;
7;12646.2;-121.996;-2.36E-14;;;;;
7;12715.3;-120.991;-1.63E-14;;;;;
7;12784.4;-119.934;-1.12E-14;;;;;
7;12853.5;-118.825;-7.72E-15;;;;;
7;12922.6;-117.663;-5.29E-15;;;;;
7;12991.7;-116.446;-3.61E-15;;;;;
7;13060.8;-115.175;-2.46E-15;;;;;
7;13129.9;-113.847;-1.66E-15;;;;;
7;13199;-112.463;-1.12E-15;;;;;
7;13268.1;-111.021;-7.48E-16;;;;;
7;13337.2;-109.521;-5.04E-16;;;;;
7;13406.3;-107.961;-3.46E-16;;;;;
7;13475.4;-106.34;-2.44E-16;;;;;
7;13544.5;-104.659;-1.69E-16;;;;;
7;13613.6;-102.915;-1.21E-16;;;;;
7;13682.7;-101.108;-3.64E-16;;;;;
7;13751.8;-99.2414;0;;;;;
7;13820.9;-95.5985;0;;;;;
7;13890;-93.6003;0;;;;;
7;13959.1;-91.535;0;;;;;
7;14028.2;-89.4015;0;;;;;
7;14097.4;-87.1988;0;;;;;
7;14166.5;-84.9258;0;;;;;
7;14235.6;-82.5816;0;;;;;
7;14304.7;-80.1649;0;;;;;
7;14373.8;-77.6747;0;;;;;
7;14442.9;-75.1099;0;;;;;
7;14512;-72.4694;0;;;;;
7;14581.1;-69.7519;0;;;;;
7;14650.2;-66.9563;0;;;;;
7;14719.3;-64.0815;0;;;;;
7;14788.4;-61.1261;0;;;;;
7;14857.5;-58.0889;0;;;;;
7;14926.6;-54.9687;0;;;;;
7;14995.7;-51.764;0;;;;;
7;15064.8;-48.4736;0;;;;;
7;15133.9;-45.0962;0;;;;;
7;15203;-41.6301;0;;;;;
7;15272.1;-38.0741;0;;;;;
7;15341.2;-34.4266;0;;;;;
7;15410.3;-30.6861;0;;;;;
7;15479.4;-26.8509;0;;;;;
7;15548.6;-22.9195;0;;;;;
7;15617.7;-18.8901;0;;;;;
7;15686.8;-14.7611;0;;;;;
7;15755.9;-10.5305;0;;;;;
7;15825;-6.19663;0;;;;;
7;15894.1;-1.75743;0;;;;;
7;15963.2;2.78905;0;;;;;
7;16032.3;7.44492;0;;;;;
7;16101.4;12.2123;0;;;;;
7;16170.5;17.0935;0;;;;;
7;16239.6;22.0908;0;;;;;
7;16308.7;27.2066;0;;;;;
7;16377.8;32.4434;0;;;;;
7;16446.9;37.804;0;;;;;
7;16516;43.291;0;;;;;
7;16585.1;48.9073;0;;;;;
7;16654.2;54.6559;0;;;;;
7;16723.3;60.5399;0;;;;;
7;16792.4;66.5626;0;;;;;
7;16861.5;72.7274;0;;;;;
7;16930.6;79.0378;0;;;;;
7;16999.8;85.4976;0;;;;;
7;17068.9;92.1107;0;;;;;
7;17138;98.8811;0;;;;;
7;17207.1;105.813;0;;;;;
7;17276.2;112.911;0;;;;;
7;17345.3;120.18;0;;;;;
7;17414.4;127.625;0;;;;;
7;17483.5;135.251;0;;;;;
7;17552.6;143.062;0;;;;;
7;17621.7;151.066;0;;;;;
7;17690.8;159.267;0;;;;;
7;17759.9;167.673;0;;;;;
7;17829;176.289;0;;;;;
7;17898.1;185.122;0;;;;;
7;17967.2;194.179;0;;;;;
7;18036.3;203.468;0;;;;;
7;18105.4;212.997;0;;;;;
7;18174.5;222.773;0;;;;;
7;18243.6;232.805;0;;;;;
7;18312.7;243.103;0;;;;;
7;18381.8;253.675;0;;;;;
7;18450.9;264.53;0;;;;;
7;18520.1;275.681;0;;;;;
7;18589.2;287.136;0;;;;;
7;18658.3;298.907;0;;;;;
7;18727.4;311.005;0;;;;;
7;18796.5;323.443;0;;;;;
7;18865.6;336.234;0;;;;;
7;18934.7;349.39;0;;;;;
7;19003.8;362.925;0;;;;;
7;19072.9;376.853;0;;;;;
7;19142;391.19;0;;;;;
7;19211.1;405.95;0;;;;;
7;19280.2;421.151;0;;;;;
7;19349.3;436.808;0;;;;;
7;19418.4;452.94;0;;;;;
7;19487.5;469.565;0;;;;;
7;19556.6;486.701;0;;;;;
7;19625.7;504.369;0;;;;;
7;19694.8;522.588;0;;;;;
7;19763.9;541.381;0;;;;;
7;19833;560.77;0;;;;;
7;19902.1;580.778;0;;;;;
7;19971.3;601.429;0;;;;;
7;20040.4;622.748;0;;;;;
7;20109.5;644.761;0;;;;;
7;20178.6;667.496;0;;;;;
7;20247.7;690.98;0;;;;;
7;20316.8;715.244;0;;;;;
7;20385.9;740.318;0;;;;;
7;20455;766.233;0;;;;;
7;20524.1;793.024;0;;;;;
7;20593.2;820.725;0;;;;;
7;20662.3;849.373;0;;;;;
7;20731.4;879.005;0;;;;;
7;20800.5;909.661;0;;;;;
7;20869.6;941.383;0;;;;;
7;20938.7;974.214;0;;;;;
7;21007.8;1008.2;0;;;;;
7;21076.9;1043.39;0;;;;;
7;21146;1079.83;0;;;;;
7;21215.1;1117.57;0;;;;;
7;21284.2;1156.68;0;;;;;
7;21353.3;1197.21;0;;;;;
7;21422.5;1239.21;0;;;;;
7;21491.6;1282.76;0;;;;;
7;21560.7;1327.93;0;;;;;
7;21629.8;1374.78;0;;;;;
7;21698.9;1423.39;0;;;;;
7;21768;1473.85;0;;;;;
7;21837.1;1526.23;0;;;;;
7;21906.2;1580.64;0;;;;;
7;21975.3;1637.16;0;;;;;
7;22044.4;1695.9;0;;;;;
7;22113.5;1756.97;0;;;;;
7;22182.6;1820.49;0;;;;;
7;22251.7;1886.58;0;;;;;
7;22320.8;1955.37;0;;;;;
7;22389.9;2027;0;;;;;
7;22459;2101.63;0;;;;;
7;22528.1;2179.42;0;;;;;
7;22597.2;2260.54;0;;;;;
7;22666.3;2345.17;0;;;;;
7;22735.4;2433.52;0;;;;;
7;22804.5;2525.79;0;;;;;
7;22873.6;2622.21;0;;;;;
7;22942.8;2723.03;0;;;;;
7;23011.9;2828.52;0;;;;;
7;23081;2938.95;0;;;;;
7;23150.1;3054.62;0;;;;;
7;23219.2;3175.88;0;;;;;
7;23288.3;3303.07;0;;;;;
7;23357.4;3436.57;0;;;;;
7;23426.5;3576.8;0;;;;;
7;23495.6;3724.22;0;;;;;
7;23564.7;3879.29;0;;;;;
7;23633.8;4042.57;0;;;;;
7;23702.9;4214.61;0;;;;;
7;23772;4396.04;0;;;;;
7;23841.1;4587.55;0;;;;;
7;23910.2;4789.89;0;;;;;
7;23979.3;5003.87;0;;;;;
7;24048.4;5230.39;0;;;;;
7;24117.5;5470.42;0;;;;;
7;24186.6;5725.06;0;;;;;
7;24255.7;5995.49;0;;;;;
7;24324.8;6283.04;0;;;;;
7;24394;6589.17;0;;;;;
7;24463.1;6915.48;0;;;;;
7;24532.2;7263.78;0;;;;;
7;24601.3;7636.09;0;;;;;
7;24670.4;8034.62;0;;;;;
7;24739.5;8461.9;0;;;;;
7;24808.6;8920.74;0;;;;;
7;24877.7;9414.3;0;;;;;
7;24946.8;9946.17;0;;;;;
7;25015.9;10520.4;0;;;;;
7;25085;11141.6;0;;;;;
7;25154.1;11815;0;;;;;
7;25223.2;12546.6;0;;;;;
7;25292.3;13343.4;0;;;;;
7;25361.4;14213.2;0;;;;;
7;25430.5;15165.4;0;;;;;
7;25499.6;16210.5;0;;;;;
7;25568.7;17361.2;0;;;;;
7;25637.8;18632.1;0;;;;;
7;25706.9;20040.6;0;;;;;
7;25776;21607.4;0;;;;;
7;25845.2;23357.1;0;;;;;
7;25914.3;25319.4;0;;;;;
7;25983.4;27530.2;0;;;;;
7;26052.5;30033.5;0;;;;;
7;26121.6;32883.4;0;;;;;
7;26190.7;36147;0;;;;;
7;26259.8;39908.8;0;;;;;
7;26328.9;44275.9;0;;;;;
7;26398;49385.9;0;;;;;
7;26467.1;55417.8;0;;;;;
7;26536.2;62608.2;0;;;;;
7;26605.3;71275.1;0;;;;;
7;26674.4;81853.3;0;;;;;
7;26743.5;94951.1;0;;;;;
7;26812.6;111440;0;;;;;
7;26881.7;132603;0;;;;;
7;26950.8;160396;0;;;;;
7;27019.9;197915;0;;;;;
7;27089;250307;0;;;;;
7;27158.1;326633;0;;;;;
7;27227.2;444089;0;;;;;
7;27296.3;638648;0;;;;;
7;27365.5;996369;0;;;;;
7;27434.6;1.77E+06;0;;;;;
7;27503.7;3.97E+06;0;;;;;
7;27572.8;1.58E+07;0;;;;;
8;1.00E-06;-4.56E-12;0;;;;;
8;69.1047;-1.74249;0;;;;;
8;138.209;-3.15954;0;;;;;
8;207.314;-4.46666;0;;;;;
8;276.419;-5.70585;0;;;;;
8;345.523;-6.89727;0;;;;;
8;414.628;-8.05227;0;;;;;
8;483.733;-9.1781;0;;;;;
8;552.837;-10.2799;0;;;;;
8;621.942;-11.3616;0;;;;;
8;691.047;-12.4262;0;;;;;
8;760.151;-13.476;0;;;;;
8;829.256;-14.5128;0;;;;;
8;898.361;-15.5381;0;;;;;
8;967.466;-16.5529;0;;;;;
8;1036.57;-17.5584;0;;;;;
8;1105.67;-18.5551;-1.06E-17;;;;;
8;1174.78;-19.5439;-9.57E-17;;;;;
8;1243.88;-20.5255;-7.24E-16;;;;;
8;1312.99;-21.5003;-4.78E-15;;;;;
8;1382.09;-22.4689;-2.81E-14;;;;;
8;1451.2;-23.4318;-1.49E-13;;;;;
8;1520.3;-24.3896;-7.18E-13;;;;;
8;1589.41;-25.3426;-3.13E-12;;;;;
8;1658.51;-26.2913;-1.23E-11;;;;;
8;1727.62;-27.2361;-4.41E-11;;;;;
8;1796.72;-28.1774;-1.43E-10;;;;;
8;1865.83;-29.1155;-4.23E-10;;;;;
8;1934.93;-30.0506;-1.15E-09;;;;;
8;2004.04;-30.9832;-2.86E-09;;;;;
8;2073.14;-31.9134;-6.61E-09;;;;;
8;2142.25;-32.8416;-1.43E-08;;;;;
8;2211.35;-33.7678;-2.89E-08;;;;;
8;2280.45;-34.6924;-5.54E-08;;;;;
8;2349.56;-35.6155;-1.01E-07;;;;;
8;2418.66;-36.5373;-1.75E-07;;;;;
8;2487.77;-37.4579;-2.89E-07;;;;;
8;2556.87;-38.3776;-4.58E-07;;;;;
8;2625.98;-39.2964;-6.95E-07;;;;;
8;2695.08;-40.2145;-1.01E-06;;;;;
8;2764.19;-41.1319;-1.42E-06;;;;;
8;2833.29;-42.049;-1.92E-06;;;;;
8;2902.4;-42.9656;-2.55E-06;;;;;
8;2971.5;-43.882;-3.38E-06;;;;;
8;3040.61;-44.7983;-4.88E-06;;;;;
8;3109.71;-45.7146;-2.68E-05;;;;;
8;3178.82;-46.631;-0.000142758;;;;;
8;3247.92;-47.5477;-0.000337855;;;;;
8;3317.02;-48.4648;-0.000600044;;;;;
8;3386.13;-49.3823;-0.00091963;;;;;
8;3455.23;-50.3004;-0.00128597;;;;;
8;3524.34;-51.219;-0.00168923;;;;;
8;3593.44;-52.1361;5.42E-14;;;;;
8;3662.55;-53.0556;5.42E-14;;;;;
8;3731.65;-53.9759;5.42E-14;;;;;
8;3800.76;-54.8969;5.42E-14;;;;;
8;3869.86;-55.8187;5.42E-14;;;;;
8;3938.97;-56.7414;5.42E-14;;;;;
8;4008.07;-57.6649;5.42E-14;;;;;
8;4077.18;-58.5894;5.42E-14;;;;;
8;4146.28;-59.5148;5.42E-14;;;;;
8;4215.39;-60.4412;5.42E-14;;;;;
8;4284.49;-61.3686;5.42E-14;;;;;
8;4353.59;-62.2969;5.42E-14;;;;;
8;4422.7;-63.2264;5.42E-14;;;;;
8;4491.8;-64.1568;5.42E-14;;;;;
8;4560.91;-65.0883;5.42E-14;;;;;
8;4630.01;-66.0209;5.42E-14;;;;;
8;4699.12;-66.9545;5.42E-14;;;;;
8;4768.22;-67.8891;5.42E-14;;;;;
8;4837.33;-68.8248;5.42E-14;;;;;
8;4906.43;-69.7615;5.42E-14;;;;;
8;4975.54;-70.6992;5.42E-14;;;;;
8;5044.64;-71.6379;5.42E-14;;;;;
8;5113.75;-72.5775;5.42E-14;;;;;
8;5182.85;-73.518;5.42E-14;;;;;
8;5251.96;-74.4593;5.42E-14;;;;;
8;5321.06;-75.403;-0.00151035;;;;;
8;5390.17;-76.3454;-0.00114057;;;;;
8;5459.27;-77.2886;-0.000803467;;;;;
8;5528.37;-78.2323;-0.000509433;;;;;
8;5597.48;-79.1765;-0.000270147;;;;;
8;5666.58;-80.1212;-9.81E-05;;;;;
8;5735.69;-81.0662;-1.18E-05;;;;;
8;5804.79;-82.0113;-3.93E-06;;;;;
8;5873.9;-82.9563;-2.62E-06;;;;;
8;5943;-83.9011;-1.79E-06;;;;;
8;6012.11;-84.8455;-1.17E-06;;;;;
8;6081.21;-85.7894;-7.27E-07;;;;;
8;6150.32;-86.7325;-4.27E-07;;;;;
8;6219.42;-87.6748;-2.39E-07;;;;;
8;6288.53;-88.616;-1.28E-07;;;;;
8;6357.63;-89.556;-6.64E-08;;;;;
8;6426.74;-90.4946;-3.33E-08;;;;;
8;6495.84;-91.4315;-1.62E-08;;;;;
8;6564.94;-92.3666;-7.67E-09;;;;;
8;6634.05;-93.2996;-3.53E-09;;;;;
8;6703.15;-94.2304;-1.58E-09;;;;;
8;6772.26;-95.1586;-6.88E-10;;;;;
8;6841.36;-96.0841;-2.92E-10;;;;;
8;6910.47;-97.0066;-1.20E-10;;;;;
8;6979.57;-97.9259;-4.84E-11;;;;;
8;7048.68;-98.8416;-1.89E-11;;;;;
8;7117.78;-99.7535;-7.18E-12;;;;;
8;7186.89;-100.661;-2.65E-12;;;;;
8;7255.99;-101.565;-9.55E-13;;;;;
8;7325.1;-102.464;-3.34E-13;;;;;
8;7394.2;-103.358;-1.14E-13;;;;;
8;7463.31;-104.246;-3.76E-14;;;;;
8;7532.41;-105.129;-1.21E-14;;;;;
8;7601.51;-106.007;-3.79E-15;;;;;
8;7670.62;-106.877;-1.15E-15;;;;;
8;7739.72;-107.742;-3.41E-16;;;;;
8;7808.83;-108.599;-9.82E-17;;;;;
8;7877.93;-109.449;-2.75E-17;;;;;
8;7947.04;-110.292;-7.48E-18;;;;;
8;8016.14;-111.126;-1.98E-18;;;;;
8;8085.25;-111.952;0;;;;;
8;8154.35;-112.769;0;;;;;
8;8223.46;-113.577;0;;;;;
8;8292.56;-114.375;0;;;;;
8;8361.67;-115.163;0;;;;;
8;8430.77;-115.941;0;;;;;
8;8499.88;-116.708;0;;;;;
8;8568.98;-117.464;0;;;;;
8;8638.08;-118.207;0;;;;;
8;8707.19;-118.939;0;;;;;
8;8776.29;-119.658;0;;;;;
8;8845.4;-120.363;0;;;;;
8;8914.5;-121.055;0;;;;;
8;8983.61;-121.733;0;;;;;
8;9052.71;-122.397;0;;;;;
8;9121.82;-123.045;0;;;;;
8;9190.92;-123.677;0;;;;;
8;9260.03;-124.293;0;;;;;
8;9329.13;-124.893;0;;;;;
8;9398.24;-125.475;0;;;;;
8;9467.34;-126.04;0;;;;;
8;9536.45;-126.586;0;;;;;
8;9605.55;-127.114;0;;;;;
8;9674.66;-127.622;0;;;;;
8;9743.76;-128.11;0;;;;;
8;9812.86;-128.577;0;;;;;
8;9881.97;-129.023;0;;;;;
8;9951.07;-129.448;0;;;;;
8;10020.2;-129.85;0;;;;;
8;10089.3;-130.229;0;;;;;
8;10158.4;-130.585;0;;;;;
8;10227.5;-130.916;0;;;;;
8;10296.6;-131.223;0;;;;;
8;10365.7;-131.504;0;;;;;
8;10434.8;-131.759;0;;;;;
8;10503.9;-131.988;0;;;;;
8;10573;-132.189;0;;;;;
8;10642.1;-132.362;0;;;;;
8;10711.2;-132.506;0;;;;;
8;10780.3;-132.621;0;;;;;
8;10849.4;-132.706;0;;;;;
8;10918.5;-132.76;0;;;;;
8;10987.6;-132.783;0;;;;;
8;11056.7;-132.773;0;;;;;
8;11125.9;-132.731;0;;;;;
8;11195;-132.655;0;;;;;
8;11264.1;-132.545;0;;;;;
8;11333.2;-132.4;0;;;;;
8;11402.3;-132.219;0;;;;;
8;11471.4;-132.002;0;;;;;
8;11540.5;-131.748;0;;;;;
8;11609.6;-131.455;0;;;;;
8;11678.7;-131.124;0;;;;;
8;11747.8;-130.754;0;;;;;
8;11816.9;-130.344;0;;;;;
8;11886;-129.892;0;;;;;
8;11955.1;-129.399;0;;;;;
8;12024.2;-128.863;0;;;;;
8;12093.3;-128.284;0;;;;;
8;12162.4;-127.661;0;;;;;
8;12231.5;-126.993;0;;;;;
8;12300.6;-126.279;0;;;;;
8;12369.7;-125.519;0;;;;;
8;12438.8;-124.711;0;;;;;
8;12507.9;-123.855;0;;;;;
8;12577.1;-122.951;0;;;;;
8;12646.2;-121.996;0;;;;;
8;12715.3;-120.991;0;;;;;
8;12784.4;-119.934;0;;;;;
8;12853.5;-118.825;0;;;;;
8;12922.6;-117.663;0;;;;;
8;12991.7;-116.446;0;;;;;
8;13060.8;-115.175;0;;;;;
8;13129.9;-113.847;0;;;;;
8;13199;-112.463;0;;;;;
8;13268.1;-111.021;0;;;;;
8;13337.2;-109.521;0;;;;;
8;13406.3;-107.961;0;;;;;
8;13475.4;-106.34;0;;;;;
8;13544.5;-104.659;0;;;;;
8;13613.6;-102.915;0;;;;;
8;13682.7;-101.108;0;;;;;
8;13751.8;-99.2414;0;;;;;
8;13820.9;-95.5985;0;;;;;
8;13890;-93.6003;0;;;;;
8;13959.1;-91.535;0;;;;;
8;14028.2;-89.4015;0;;;;;
8;14097.4;-87.1988;0;;;;;
8;14166.5;-84.9258;0;;;;;
8;14235.6;-82.5816;0;;;;;
8;14304.7;-80.1649;0;;;;;
8;14373.8;-77.6747;0;;;;;
8;14442.9;-75.1099;0;;;;;
8;14512;-72.4694;0;;;;;
8;14581.1;-69.7519;0;;;;;
8;14650.2;-66.9563;0;;;;;
8;14719.3;-64.0815;0;;;;;
8;14788.4;-61.1261;0;;;;;
8;14857.5;-58.0889;0;;;;;
8;14926.6;-54.9687;0;;;;;
8;14995.7;-51.764;0;;;;;
8;15064.8;-48.4736;0;;;;;
8;15133.9;-45.0962;0;;;;;
8;15203;-41.6301;0;;;;;
8;15272.1;-38.0741;0;;;;;
8;15341.2;-34.4266;0;;;;;
8;15410.3;-30.6861;0;;;;;
8;15479.4;-26.8509;0;;;;;
8;15548.6;-22.9195;0;;;;;
8;15617.7;-18.8901;0;;;;;
8;15686.8;-14.7611;0;;;;;
8;15755.9;-10.5305;0;;;;;
8;15825;-6.19663;0;;;;;
8;15894.1;-1.75743;0;;;;;
8;15963.2;2.78905;0;;;;;
8;16032.3;7.44492;0;;;;;
8;16101.4;12.2123;0;;;;;
8;16170.5;17.0935;0;;;;;
8;16239.6;22.0908;0;;;;;
8;16308.7;27.2066;0;;;;;
8;16377.8;32.4434;0;;;;;
8;16446.9;37.804;0;;;;;
8;16516;43.291;0;;;;;
8;16585.1;48.9073;0;;;;;
8;16654.2;54.6559;0;;;;;
8;16723.3;60.5399;0;;;;;
8;16792.4;66.5626;0;;;;;
8;16861.5;72.7274;0;;;;;
8;16930.6;79.0378;0;;;;;
8;16999.8;85.4976;0;;;;;
8;17068.9;92.1107;0;;;;;
8;17138;98.8811;0;;;;;
8;17207.1;105.813;0;;;;;
8;17276.2;112.911;0;;;;;
8;17345.3;120.18;0;;;;;
8;17414.4;127.625;0;;;;;
8;17483.5;135.251;0;;;;;
8;17552.6;143.062;0;;;;;
8;17621.7;151.066;0;;;;;
8;17690.8;159.267;0;;;;;
8;17759.9;167.673;0;;;;;
8;17829;176.289;0;;;;;
8;17898.1;185.122;0;;;;;
8;17967.2;194.179;0;;;;;
8;18036.3;203.468;0;;;;;
8;18105.4;212.997;0;;;;;
8;18174.5;222.773;0;;;;;
8;18243.6;232.805;0;;;;;
8;18312.7;243.103;0;;;;;
8;18381.8;253.675;0;;;;;
8;18450.9;264.53;0;;;;;
8;18520.1;275.681;0;;;;;
8;18589.2;287.136;0;;;;;
8;18658.3;298.907;0;;;;;
8;18727.4;311.005;0;;;;;
8;18796.5;323.443;0;;;;;
8;18865.6;336.234;0;;;;;
8;18934.7;349.39;0;;;;;
8;19003.8;362.925;0;;;;;
8;19072.9;376.853;0;;;;;
8;19142;391.19;0;;;;;
8;19211.1;405.95;0;;;;;
8;19280.2;421.151;0;;;;;
8;19349.3;436.808;0;;;;;
8;19418.4;452.94;0;;;;;
8;19487.5;469.565;0;;;;;
8;19556.6;486.701;0;;;;;
8;19625.7;504.369;0;;;;;
8;19694.8;522.588;0;;;;;
8;19763.9;541.381;0;;;;;
8;19833;560.77;0;;;;;
8;19902.1;580.778;0;;;;;
8;19971.3;601.429;0;;;;;
8;20040.4;622.748;0;;;;;
8;20109.5;644.761;0;;;;;
8;20178.6;667.496;0;;;;;
8;20247.7;690.98;0;;;;;
8;20316.8;715.244;0;;;;;
8;20385.9;740.318;0;;;;;
8;20455;766.233;0;;;;;
8;20524.1;793.024;0;;;;;
8;20593.2;820.725;0;;;;;
8;20662.3;849.373;0;;;;;
8;20731.4;879.005;0;;;;;
8;20800.5;909.661;0;;;;;
8;20869.6;941.383;0;;;;;
8;20938.7;974.214;0;;;;;
8;21007.8;1008.2;0;;;;;
8;21076.9;1043.39;0;;;;;
8;21146;1079.83;0;;;;;
8;21215.1;1117.57;0;;;;;
8;21284.2;1156.68;0;;;;;
8;21353.3;1197.21;0;;;;;
8;21422.5;1239.21;0;;;;;
8;21491.6;1282.76;0;;;;;
8;21560.7;1327.93;0;;;;;
8;21629.8;1374.78;0;;;;;
8;21698.9;1423.39;0;;;;;
8;21768;1473.85;0;;;;;
8;21837.1;1526.23;0;;;;;
8;21906.2;1580.64;0;;;;;
8;21975.3;1637.16;0;;;;;
8;22044.4;1695.9;0;;;;;
8;22113.5;1756.97;0;;;;;
8;22182.6;1820.49;0;;;;;
8;22251.7;1886.58;0;;;;;
8;22320.8;1955.37;0;;;;;
8;22389.9;2027;0;;;;;
8;22459;2101.63;0;;;;;
8;22528.1;2179.42;0;;;;;
8;22597.2;2260.54;0;;;;;
8;22666.3;2345.17;0;;;;;
8;22735.4;2433.52;0;;;;;
8;22804.5;2525.79;0;;;;;
8;22873.6;2622.21;0;;;;;
8;22942.8;2723.03;0;;;;;
8;23011.9;2828.52;0;;;;;
8;23081;2938.95;0;;;;;
8;23150.1;3054.62;0;;;;;
8;23219.2;3175.88;0;;;;;
8;23288.3;3303.07;0;;;;;
8;23357.4;3436.57;0;;;;;
8;23426.5;3576.8;0;;;;;
8;23495.6;3724.22;0;;;;;
8;23564.7;3879.29;0;;;;;
8;23633.8;4042.57;0;;;;;
8;23702.9;4214.61;0;;;;;
8;23772;4396.04;0;;;;;
8;23841.1;4587.55;0;;;;;
8;23910.2;4789.89;0;;;;;
8;23979.3;5003.87;0;;;;;
8;24048.4;5230.39;0;;;;;
8;24117.5;5470.42;0;;;;;
8;24186.6;5725.06;0;;;;;
8;24255.7;5995.49;0;;;;;
8;24324.8;6283.04;0;;;;;
8;24394;6589.17;0;;;;;
8;24463.1;6915.48;0;;;;;
8;24532.2;7263.78;0;;;;;
8;24601.3;7636.09;0;;;;;
8;24670.4;8034.62;0;;;;;
8;24739.5;8461.9;0;;;;;
8;24808.6;8920.74;0;;;;;
8;24877.7;9414.3;0;;;;;
8;24946.8;9946.17;0;;;;;
8;25015.9;10520.4;0;;;;;
8;25085;11141.6;0;;;;;
8;25154.1;11815;0;;;;;
8;25223.2;12546.6;0;;;;;
8;25292.3;13343.4;0;;;;;
8;25361.4;14213.2;0;;;;;
8;25430.5;15165.4;0;;;;;
8;25499.6;16210.5;0;;;;;
8;25568.7;17361.2;0;;;;;
8;25637.8;18632.1;0;;;;;
8;25706.9;20040.6;0;;;;;
8;25776;21607.4;0;;;;;
8;25845.2;23357.1;0;;;;;
8;25914.3;25319.4;0;;;;;
8;25983.4;27530.2;0;;;;;
8;26052.5;30033.5;0;;;;;
8;26121.6;32883.4;0;;;;;
8;26190.7;36147;0;;;;;
8;26259.8;39908.8;0;;;;;
8;26328.9;44275.9;0;;;;;
8;26398;49385.9;0;;;;;
8;26467.1;55417.8;0;;;;;
8;26536.2;62608.2;0;;;;;
8;26605.3;71275.1;0;;;;;
8;26674.4;81853.3;0;;;;;
8;26743.5;94951.1;0;;;;;
8;26812.6;111440;0;;;;;
8;26881.7;132603;0;;;;;
8;26950.8;160396;0;;;;;
8;27019.9;197915;0;;;;;
8;27089;250307;0;;;;;
8;27158.1;326633;0;;;;;
8;27227.2;444089;0;;;;;
8;27296.3;638648;0;;;;;
8;27365.5;996369;0;;;;;
8;27434.6;1.77E+06;0;;;;;
8;27503.7;3.97E+06;0;;;;;
8;27572.8;1.58E+07;0;;;;;
